sk_id_curr,id_card,area_code,birth_year,age,days_birth,days_employed,employment_years,AMT_INCOME_TOTAL,credit_query_week,credit_query_month,phone_change_days,active_loans_count,ext_source_2,ext_source_3,has_car,occupation_type,education,has_default_history,prev_refused_count
218467,110112198207080000,110112,1982,44,-16139,-3483,9.5,90000.0,0,0,12,4,0.6669,0.6754,1,Laborers,高中及以下,0,0
120728,110112200102180001,110112,2001,26,-9315,-2514,6.9,157500.0,1,0,703,4,0.4576,0.4794,0,Laborers,高中及以下,1,0
104716,110112198908260002,110112,1989,37,-13611,-1052,2.9,315000.0,0,0,457,1,0.7029,0.2485,0,Laborers,高中及以下,0,0
237328,110112199906110003,110112,1999,28,-10116,-470,1.3,270000.0,0,0,2539,2,0.6794,0.6161,0,Laborers,大专,0,0
150842,110112199505240004,110112,1995,32,-11507,-1084,3.0,315000.0,0,0,4,4,0.5828,0.0,0,Core staff,本科,0,0
145360,110112200206140005,110112,2002,24,-8865,-595,1.6,126000.0,0,0,719,0,0.5471,0.0,1,High skill tech staff,高中及以下,0,3
141343,110112197911210006,110112,1979,47,-17173,-3964,10.9,472500.0,0,0,1945,0,0.4804,0.0,0,Private service staff,高中及以下,0,2
125887,110112198710230007,110112,1987,39,-14388,-2205,6.0,193500.0,0,0,1058,1,0.6733,0.6956,1,Laborers,高中及以下,0,0
236364,110112199802040008,110112,1998,28,-10376,-649,1.8,112500.0,0,0,447,1,0.6221,0.374,1,Sales staff,高中及以下,0,2
119050,110112196904200009,110112,1969,57,-20886,-2919,8.0,252000.0,0,0,0,3,0.6142,0.3139,1,Managers,本科,0,0
225293,110112197412160010,110112,1974,53,-19339,-916,2.5,157500.0,0,0,289,1,0.6228,0.6707,1,Laborers,高中及以下,1,0
237167,110112198103120011,110112,1981,46,-16640,-2633,7.2,135000.0,0,0,2516,3,0.4675,0.5549,0,Core staff,高中及以下,0,2
201057,110112199604210012,110112,1996,31,-11212,-2565,7.0,256500.0,0,0,1822,1,0.7662,0.761,0,HR staff,本科,0,0
116151,110112198205140013,110112,1982,44,-16203,-7100,19.5,139500.0,0,1,2081,1,0.6864,0.5797,0,Managers,本科,0,0
209380,110112198003250014,110112,1980,47,-16985,-8460,23.2,135000.0,0,1,1692,1,0.6198,0.5621,0,未知,高中及以下,0,0
178051,110112197310130015,110112,1973,54,-19583,-4168,11.4,153000.0,0,0,404,0,0.2048,0.6263,1,Laborers,高中及以下,1,0
105948,110112199210010016,110112,1992,34,-12462,-722,2.0,180000.0,0,0,1416,0,0.4837,0.0,0,未知,本科,0,0
105579,110112198805270017,110112,1988,38,-14007,-1176,3.2,135000.0,0,0,558,0,0.7437,0.7993,1,Laborers,高中及以下,0,0
117438,110112196511190018,110112,1965,62,-22455,-1269,3.5,112500.0,0,1,1171,1,0.7717,0.638,0,Core staff,高中及以下,0,1
140552,110112198511190019,110112,1985,41,-15014,-391,1.1,90000.0,0,0,1556,1,0.0679,0.5549,1,Security staff,高中及以下,1,1
143146,110112197507150020,110112,1975,52,-18862,-4845,13.3,135000.0,0,0,2168,2,0.5555,0.633,0,未知,高中及以下,0,0
193548,110112200508190021,110112,2005,22,-7907,-147,0.4,135000.0,0,0,0,2,0.4114,0.3139,0,High skill tech staff,高中及以下,0,1
211507,110112199205110022,110112,1992,35,-12602,-346,0.9,135000.0,0,0,0,1,0.1744,0.6707,1,未知,高中及以下,0,1
104989,110112197606100023,110112,1976,50,-18386,-2049,5.6,157500.0,0,0,0,0,0.4296,0.0,0,Laborers,高中及以下,1,0
203995,110112197210200024,110112,1972,54,-19852,-970,2.7,112500.0,0,1,2494,2,0.2859,0.6246,0,Cooking staff,高中及以下,0,0
136883,110112197701060025,110112,1977,50,-18143,-10437,28.6,360000.0,0,0,765,0,0.2029,0.6707,0,Laborers,高中及以下,0,0
232623,110112197804170026,110112,1978,48,-17638,-1213,3.3,180000.0,0,0,936,2,0.4898,0.4259,0,未知,本科,0,0
220352,110112198005140027,110112,1980,46,-16881,-817,2.2,81000.0,0,0,1326,0,0.7516,0.4507,0,Core staff,高中及以下,0,0
229948,110112199603270028,110112,1996,30,-11090,-2574,7.1,234000.0,0,0,1753,4,0.3897,0.5119,1,Drivers,高中及以下,0,0
200982,110112199004210029,110112,1990,37,-13421,-1839,5.0,202500.0,0,1,59,1,0.0236,0.7047,0,Core staff,本科,0,1
177598,110112198807270030,110112,1988,39,-14158,-1890,5.2,270000.0,0,1,227,2,0.4726,0.3345,0,Drivers,高中及以下,0,0
140869,110112197404020031,110112,1974,53,-19178,-2034,5.6,270000.0,0,0,0,4,0.7645,0.6314,0,Managers,本科,0,0
183182,110112199103010032,110112,1991,36,-13138,-1509,4.1,63000.0,0,0,722,1,0.7021,0.4794,0,Laborers,高中及以下,0,0
209160,110112199706260033,110112,1997,30,-10900,-2058,5.6,247500.0,0,0,1622,0,0.478,0.5065,0,未知,本科,0,0
151440,110112198112110034,110112,1981,45,-16503,-785,2.2,157500.0,0,1,536,0,0.6808,0.6848,1,未知,本科,0,1
101171,110112198207200035,110112,1982,44,-16061,-3519,9.6,112500.0,0,0,1135,6,0.4362,0.6007,0,Sales staff,高中及以下,0,1
240510,110112197806010036,110112,1978,49,-17703,-10246,28.1,157500.0,0,0,0,6,0.254,0.4436,0,Laborers,高中及以下,0,0
129639,110112197701070037,110112,1977,50,-18166,-4626,12.7,90000.0,0,0,747,1,0.5395,0.7338,0,Sales staff,高中及以下,0,0
229366,110112196707220038,110112,1967,60,-21881,-15107,41.4,148500.0,0,0,975,2,0.6695,0.4939,0,High skill tech staff,高中及以下,0,0
178189,110112197808240039,110112,1978,49,-17746,-7388,20.2,202500.0,0,0,911,4,0.5827,0.7253,1,Core staff,高中及以下,0,0
162871,110112199101170040,110112,1991,36,-13046,-755,2.1,157500.0,0,3,463,2,0.6987,0.5281,0,Accountants,本科,0,0
151384,110112199912070041,110112,1999,27,-10024,-1638,4.5,90000.0,0,0,546,3,0.4491,0.3842,0,未知,本科,1,0
128848,110112197710220042,110112,1977,50,-18249,-4487,12.3,180000.0,0,1,2717,2,0.6899,0.7636,1,Security staff,本科,0,0
139952,110112199512180043,110112,1995,31,-11395,-591,1.6,180000.0,0,0,3,3,0.6464,0.5407,1,Core staff,本科,0,2
162199,110112198204280044,110112,1982,44,-16157,-2626,7.2,94500.0,1,0,1383,1,0.0935,0.0,0,Sales staff,高中及以下,0,1
118995,110112199906040045,110112,1999,28,-10155,-1906,5.2,81000.0,0,0,423,4,0.2078,0.1334,0,Cooking staff,高中及以下,0,7
117264,110112198705130046,110112,1987,40,-14491,-596,1.6,117000.0,0,0,342,1,0.6679,0.761,0,Sales staff,高中及以下,0,0
170234,110112198112050047,110112,1981,46,-16671,-2763,7.6,180000.0,0,0,0,3,0.3087,0.5638,0,Core staff,高中及以下,0,0
117990,110112198001120048,110112,1980,46,-16862,-3187,8.7,31500.0,0,0,1,0,0.5129,0.0,0,Core staff,高中及以下,0,0
166362,110112199012100049,110112,1990,36,-13309,-1090,3.0,135000.0,0,0,700,0,0.534,0.0,0,未知,高中及以下,0,0
163555,110112199501230050,110112,1995,31,-11413,-250,0.7,112500.0,0,0,384,5,0.5342,0.6447,0,Core staff,大专,0,0
211820,110112199007010051,110112,1990,37,-13335,-2695,7.4,157500.0,0,0,823,1,0.1622,0.592,1,Laborers,高中及以下,0,0
148914,110112197702070052,110112,1977,50,-18205,-2163,5.9,225000.0,0,0,853,0,0.583,0.0,1,Sales staff,高中及以下,1,0
108086,110112196705270053,110112,1967,59,-21643,-2028,5.6,450000.0,0,0,1579,5,0.7466,0.4472,0,Accountants,本科,0,0
235131,110112198603070054,110112,1986,40,-14714,-1639,4.5,270000.0,0,0,510,0,0.3236,0.5065,1,Drivers,高中及以下,0,0
185038,110112199806080055,110112,1998,28,-10324,-2438,6.7,112500.0,0,0,2118,0,0.5497,0.6848,1,Sales staff,高中及以下,0,0
199332,110112199802240056,110112,1998,28,-10292,-1642,4.5,135000.0,0,0,838,0,0.5336,0.0,0,Sales staff,高中及以下,0,0
123226,110112199812190057,110112,1998,28,-10300,-415,1.1,112500.0,0,0,721,0,0.4879,0.0,0,未知,高中及以下,1,0
169958,110112197906270058,110112,1979,48,-17350,-3843,10.5,67500.0,0,0,113,0,0.5288,0.0,0,未知,高中及以下,0,1
114620,110112200003200059,110112,2000,27,-9842,-96,0.3,121500.0,0,0,1226,5,0.6709,0.0005,1,Core staff,本科,0,2
202304,110112198005270060,110112,1980,46,-16800,-1328,3.6,270000.0,0,4,2484,6,0.6087,0.3124,1,Laborers,本科,0,0
154201,110112199611080061,110112,1996,30,-10952,-1181,3.2,382500.0,0,0,1443,2,0.702,0.4543,0,Core staff,本科,0,0
216459,110112198401080062,110112,1984,42,-15455,-2524,6.9,180000.0,0,0,618,0,0.5588,0.0,1,Laborers,高中及以下,0,0
214601,110112199405020063,110112,1994,32,-11840,-2171,5.9,315000.0,1,0,653,1,0.5473,0.5245,0,Core staff,本科,0,1
166823,110112199109180064,110112,1991,36,-13137,-5099,14.0,189000.0,0,0,487,3,0.7308,0.6364,0,Managers,本科,0,11
206964,110112197808130065,110112,1978,49,-17773,-518,1.4,144000.0,0,0,632,4,0.0691,0.0237,0,Laborers,高中及以下,1,2
135697,110112200505110066,110112,2005,22,-7962,-1392,3.8,157500.0,0,1,1115,1,0.7107,0.4687,1,Managers,本科,1,0
230548,110112196710040067,110112,1967,60,-21864,-5716,15.7,99000.0,0,0,1587,1,0.702,0.578,0,Sales staff,高中及以下,0,0
112899,110112197207210068,110112,1972,54,-19793,-3079,8.4,130050.0,0,0,2058,1,0.7302,0.7764,0,Laborers,本科,0,0
108547,110112199208280069,110112,1992,35,-12711,-2409,6.6,45000.0,0,0,716,2,0.4393,0.5209,0,Core staff,高中及以下,0,0
222457,110112199002070070,110112,1990,37,-13384,-4742,13.0,148500.0,0,0,18,3,0.402,0.5885,0,Security staff,高中及以下,0,2
142252,110112199201130071,110112,1992,34,-12442,-2837,7.8,202500.0,0,1,498,9,0.2391,0.2276,1,未知,高中及以下,1,5
153524,110112198310160072,110112,1983,44,-16036,-836,2.3,441000.0,0,0,830,3,0.7344,0.1206,0,Accountants,本科,0,2
114812,110112197303110073,110112,1973,53,-19363,-1309,3.6,157500.0,0,0,2167,0,0.6599,0.0,0,Laborers,高中及以下,0,0
143174,110112198304100074,110112,1983,44,-15933,-1373,3.8,135000.0,0,0,714,4,0.7085,0.2941,0,Cleaning staff,高中及以下,0,2
118762,110112199609080075,110112,1996,31,-11195,-2108,5.8,117000.0,0,0,1230,0,0.4596,0.6594,0,未知,本科,0,0
170268,110112198311250076,110112,1983,43,-15770,-2423,6.6,225000.0,0,0,2448,2,0.342,0.677,1,未知,高中及以下,0,1
151400,110112198509120077,110112,1985,42,-15299,-3995,10.9,135000.0,0,0,1494,3,0.5485,0.3001,1,Laborers,本科,0,0
183954,110112198406280078,110112,1984,43,-15689,-763,2.1,135000.0,0,0,1766,1,0.6494,0.4118,0,High skill tech staff,高中及以下,0,0
217781,110112198106160079,110112,1981,46,-16753,-738,2.0,67500.0,0,0,518,1,0.6998,0.4347,0,Cleaning staff,高中及以下,0,0
167424,110112199802030080,110112,1998,28,-10312,-765,2.1,270000.0,1,0,1,4,0.4388,0.3329,0,Managers,本科,1,0
130190,110112198410190081,110112,1984,43,-15601,-5086,13.9,99000.0,0,0,1613,2,0.2933,0.6076,0,Managers,高中及以下,0,1
168404,110112199912150082,110112,1999,28,-10193,-1957,5.4,103500.0,0,0,688,2,0.5765,0.592,0,未知,本科,0,0
165683,110112200103140083,110112,2001,26,-9444,-1068,2.9,90000.0,0,0,172,1,0.075,0.2353,0,Sales staff,高中及以下,0,0
138868,110112197204130084,110112,1972,54,-19729,-1488,4.1,225000.0,1,0,1436,3,0.7057,0.4049,0,Private service staff,高中及以下,0,0
224108,110112198102210085,110112,1981,46,-16671,-537,1.5,189000.0,0,0,1311,1,0.5549,0.2679,0,Core staff,本科,0,2
149378,110112198503010086,110112,1985,42,-15158,-141,0.4,180000.0,0,1,585,1,0.5762,0.3774,0,Laborers,高中及以下,0,0
230033,110112199807080087,110112,1998,29,-10501,-161,0.4,157500.0,1,0,644,2,0.7077,0.4153,1,Laborers,高中及以下,0,3
226549,110112197106050088,110112,1971,55,-20191,-1429,3.9,279000.0,0,1,1681,8,0.725,0.4867,1,未知,本科,0,1
220017,110112200204020089,110112,2002,25,-9093,-419,1.1,90000.0,0,0,316,1,0.4111,0.1746,0,未知,大专,0,3
113237,110112198410180090,110112,1984,43,-15547,-6645,18.2,180000.0,1,0,124,2,0.4887,0.0,1,未知,大专,0,3
212810,110112198406270091,110112,1984,43,-15536,-213,0.6,112500.0,0,0,0,1,0.0463,0.1929,0,Laborers,高中及以下,1,0
217657,110112198008220092,110112,1980,46,-16938,-5178,14.2,180000.0,1,0,783,2,0.6657,0.7092,1,Managers,高中及以下,0,1
131790,110112199008250093,110112,1990,36,-13210,-1073,2.9,283500.0,0,0,2233,5,0.5653,0.1998,0,Laborers,高中及以下,0,0
198936,110112198003010094,110112,1980,47,-17102,-424,1.2,157500.0,0,0,723,0,0.4151,0.0,0,Cooking staff,高中及以下,0,0
235019,110112199603260095,110112,1996,31,-11189,-987,2.7,360000.0,0,1,1097,2,0.6857,0.2104,1,Managers,本科,0,2
145344,110112199112130096,110112,1991,35,-12809,-1216,3.3,225000.0,0,0,1377,2,0.6093,0.7166,0,未知,本科,0,2
130337,110112198106110097,110112,1981,45,-16551,-1192,3.3,117000.0,0,2,196,0,0.3385,0.8634,0,Laborers,高中及以下,0,0
185573,110112199005110098,110112,1990,36,-13148,-1036,2.8,90000.0,0,0,0,0,0.6824,0.0,1,Cleaning staff,高中及以下,0,0
170150,110112199909060099,110112,1999,28,-10088,-1102,3.0,180000.0,0,1,1080,6,0.758,0.1125,1,Sales staff,高中及以下,0,1
149908,110112197902060100,110112,1979,47,-17185,-3684,10.1,315000.0,0,0,1301,4,0.5519,0.2512,1,Managers,本科,0,3
218571,110112199012140101,110112,1990,37,-13493,-3859,10.6,157500.0,0,0,1521,6,0.4926,0.1885,0,Accountants,高中及以下,0,2
227430,110112198709100102,110112,1987,40,-14520,-444,1.2,180000.0,0,0,732,2,0.3688,0.5317,0,Drivers,高中及以下,1,1
203222,110112198210090103,110112,1982,45,-16326,-150,0.4,90000.0,0,0,0,0,0.4067,0.7338,0,Sales staff,高中及以下,0,0
140717,110112196905170104,110112,1969,57,-20901,-10206,28.0,153000.0,0,0,1536,0,0.7606,0.0,0,Medicine staff,高中及以下,0,0
226746,110112198705230105,110112,1987,40,-14465,-510,1.4,112500.0,0,0,0,0,0.3061,0.3458,0,未知,高中及以下,0,1
159901,110112198103040106,110112,1981,46,-16669,-1194,3.3,67500.0,0,0,886,0,0.1791,0.0,1,Sales staff,高中及以下,0,2
110398,110112197804130107,110112,1978,48,-17668,-1392,3.8,135000.0,0,0,436,0,0.1319,0.7477,0,未知,高中及以下,0,1
142468,110112196807220108,110112,1968,59,-21511,-1412,3.9,157500.0,0,0,825,3,0.5065,0.3031,1,Security staff,本科,0,0
106012,110112198007090109,110112,1980,46,-16814,-3986,10.9,157500.0,0,0,746,0,0.5837,0.8555,1,未知,高中及以下,0,0
158272,110112198403100110,110112,1984,43,-15581,-196,0.5,67500.0,0,0,697,0,0.4991,0.8128,0,Laborers,高中及以下,0,0
174191,110112198811020111,110112,1988,38,-14005,-3643,10.0,225000.0,0,0,1146,3,0.6798,0.0,1,Sales staff,高中及以下,1,2
149520,110112197605170112,110112,1976,50,-18380,-2912,8.0,112500.0,0,0,1600,4,0.5905,0.4347,1,Laborers,高中及以下,0,2
112286,110112198807170113,110112,1988,38,-13998,-2920,8.0,202500.0,0,0,567,3,0.0661,0.7463,1,Laborers,高中及以下,0,0
139147,110112198306140114,110112,1983,43,-15781,-2032,5.6,108000.0,0,0,1759,2,0.3346,0.7195,0,Sales staff,高中及以下,0,0
205083,110112199107080115,110112,1991,35,-12809,-1742,4.8,90000.0,0,0,267,1,0.5212,0.7107,0,Sales staff,高中及以下,0,0
232974,110112199612140116,110112,1996,30,-11023,-3093,8.5,310500.0,0,0,780,1,0.6164,0.5119,1,IT staff,本科,0,0
158129,110112199511080117,110112,1995,32,-11653,-3671,10.1,270000.0,0,0,2236,3,0.7089,0.6161,0,Core staff,本科,0,0
139447,110112198409180118,110112,1984,42,-15408,-1726,4.7,67500.0,1,0,963,1,0.5732,0.592,0,Laborers,高中及以下,0,1
221378,110112197306120119,110112,1973,54,-19593,-254,0.7,135000.0,0,9,1393,10,0.6255,0.4312,0,未知,本科,0,0
192412,110112197809080120,110112,1978,48,-17677,-773,2.1,76500.0,0,0,1455,5,0.329,0.5119,0,Medicine staff,高中及以下,0,0
173161,110112198908160121,110112,1989,38,-13860,-3720,10.2,112500.0,0,0,635,0,0.5359,0.0,0,Core staff,高中及以下,0,0
219090,110112198010030122,110112,1980,46,-16863,-2922,8.0,216000.0,0,0,0,1,0.3573,0.7352,0,未知,高中及以下,0,2
184934,110112197801140123,110112,1978,49,-17743,-616,1.7,162000.0,0,0,260,0,0.6647,0.7422,0,Accountants,本科,0,0
126491,110112199808210124,110112,1998,29,-10467,-189,0.5,157500.0,0,0,1631,1,0.3588,0.4794,1,Drivers,大专,0,5
148972,110112197707030125,110112,1977,50,-18205,-2430,6.7,225000.0,0,0,2406,1,0.6362,0.6754,0,未知,本科,0,0
125901,110112198611060126,110112,1986,40,-14601,-1701,4.7,135000.0,0,0,1597,2,0.6849,0.359,0,未知,高中及以下,0,0
145680,110112198309140127,110112,1983,44,-15880,-7779,21.3,90000.0,0,0,475,1,0.6661,0.3876,0,Managers,本科,0,0
237958,110112199106080128,110112,1991,36,-13019,-2307,6.3,247500.0,0,0,386,2,0.1595,0.074,0,未知,高中及以下,0,0
204022,110112197901040129,110112,1979,48,-17498,-1189,3.3,162000.0,0,0,1678,3,0.5929,0.3945,0,Security staff,高中及以下,0,2
199837,110112198305050130,110112,1983,43,-15795,-9025,24.7,171000.0,0,0,1947,0,0.7341,0.7422,0,Medicine staff,高中及以下,0,2
148588,110112199506090131,110112,1995,31,-11438,-825,2.3,121500.0,0,0,0,0,0.6895,0.5797,0,Laborers,高中及以下,0,1
238348,110112200006280132,110112,2000,27,-9812,-261,0.7,90000.0,0,0,801,1,0.4155,0.6007,0,未知,高中及以下,0,2
208285,110112198808050133,110112,1988,39,-14178,-1561,4.3,157500.0,0,0,1191,1,0.6086,0.6864,0,Managers,高中及以下,0,2
179316,110112199705190134,110112,1997,30,-10935,-4209,11.5,225000.0,0,1,0,2,0.6209,0.5621,1,Laborers,高中及以下,0,0
208092,110112197811200135,110112,1978,48,-17650,-4612,12.6,157500.0,1,0,3133,4,0.6162,0.6786,0,未知,高中及以下,0,0
173855,110112197403110136,110112,1974,53,-19241,-1125,3.1,112500.0,0,0,816,2,0.6932,0.4615,1,Laborers,高中及以下,0,3
166883,110112198309180137,110112,1983,44,-16003,-198,0.5,270000.0,0,15,1516,10,0.6552,0.3673,1,未知,本科,0,1
140663,110112197201200138,110112,1972,55,-19996,-1355,3.7,211500.0,0,1,1664,2,0.2508,0.4867,0,Private service staff,高中及以下,1,1
125672,110112197910240139,110112,1979,48,-17344,-1839,5.0,180000.0,0,1,1397,1,0.5099,0.3893,1,Sales staff,高中及以下,0,1
194316,110112199802120140,110112,1998,29,-10558,-1447,4.0,157500.0,0,0,1091,1,0.6862,0.1715,0,Sales staff,高中及以下,1,5
191365,110112199405090141,110112,1994,32,-11733,-2381,6.5,180000.0,0,1,1616,2,0.6788,0.3523,0,Laborers,本科,0,1
116919,110112199407070142,110112,1994,33,-12029,-4570,12.5,225000.0,0,0,2053,5,0.7502,0.5496,0,Laborers,高中及以下,0,0
239968,110112197204190143,110112,1972,54,-19733,-4285,11.7,157500.0,0,0,0,1,0.0699,0.7504,0,Laborers,高中及以下,0,1
108785,110112198711220144,110112,1987,40,-14568,-3754,10.3,153000.0,0,0,1664,0,0.5256,0.7981,0,High skill tech staff,本科,0,0
120407,110112198512140145,110112,1985,42,-15246,-4341,11.9,270000.0,0,9,2112,1,0.4452,0.7958,1,Managers,本科,0,0
128355,110112198601100146,110112,1986,40,-14629,-4886,13.4,157500.0,0,0,1906,4,0.6783,0.1351,0,High skill tech staff,本科,0,1
216236,110112199002040147,110112,1990,36,-13272,-543,1.5,135000.0,0,0,1534,2,0.5984,0.3442,1,Drivers,高中及以下,0,2
129698,110112198804240148,110112,1988,39,-14173,-2021,5.5,270000.0,0,0,1729,5,0.4004,0.1896,1,Sales staff,本科,0,0
225981,110112198803120149,110112,1988,39,-14171,-4660,12.8,247500.0,0,0,1752,2,0.5525,0.2176,1,未知,大专,0,3
178101,110112198801240150,110112,1988,38,-13975,-5591,15.3,157500.0,0,0,0,0,0.7065,0.5191,1,Core staff,本科,0,0
210463,110112196908280151,110112,1969,57,-20929,-2046,5.6,360000.0,0,1,1210,4,0.3917,0.3329,1,Managers,本科,0,3
111784,110112198910020152,110112,1989,38,-13802,-3662,10.0,450000.0,0,2,178,4,0.1701,0.5762,0,Managers,本科,0,4
171166,110112199401210153,110112,1994,32,-11687,-2222,6.1,135000.0,0,0,584,2,0.2525,0.5549,0,Sales staff,高中及以下,0,1
170557,110112198006260154,110112,1980,47,-17066,-3585,9.8,306000.0,0,0,3227,2,0.6376,0.4206,1,Sales staff,高中及以下,0,3
210373,110112199707010155,110112,1997,29,-10726,-3984,10.9,270000.0,0,0,1081,1,0.601,0.4776,0,未知,高中及以下,0,1
186654,110112198210050156,110112,1982,44,-16226,-4751,13.0,81000.0,0,0,203,2,0.5451,0.2822,1,Security staff,高中及以下,0,3
198015,110112199206140157,110112,1992,35,-12723,-2429,6.7,189000.0,0,0,1041,1,0.5624,0.6144,1,未知,本科,0,0
146549,110112199506200158,110112,1995,32,-11547,-993,2.7,90000.0,0,0,854,2,0.514,0.5674,0,Accountants,大专,0,0
202539,110112198810270159,110112,1988,39,-14189,-745,2.0,90000.0,0,0,736,2,0.3309,0.3606,0,Laborers,高中及以下,0,0
102130,110112198108260160,110112,1981,46,-16672,-5081,13.9,157500.0,0,1,272,1,0.4934,0.7408,0,Sales staff,高中及以下,0,0
225948,110112199503090161,110112,1995,31,-11464,-155,0.4,180000.0,0,0,0,3,0.1543,0.3031,1,Managers,高中及以下,0,0
233491,110112199005230162,110112,1990,36,-13215,-3610,9.9,202500.0,0,3,1853,10,0.6785,0.0976,0,Drivers,高中及以下,0,4
121336,110112199112130163,110112,1991,36,-13062,-617,1.7,184500.0,0,0,445,5,0.5374,0.3656,0,Laborers,高中及以下,0,0
226212,110112200302260164,110112,2003,23,-8431,-1241,3.4,180000.0,0,0,297,3,0.5584,0.4436,1,未知,本科,0,0
199472,110112199907090165,110112,1999,27,-9894,-1684,4.6,157500.0,0,0,3,3,0.4125,0.4347,1,Managers,高中及以下,0,1
239071,110112198609130166,110112,1986,40,-14655,-1736,4.8,225000.0,0,2,0,1,0.2752,0.4066,1,Managers,本科,0,0
149345,110112198609160167,110112,1986,40,-14767,-646,1.8,157500.0,0,0,509,2,0.6072,0.0,0,Laborers,高中及以下,0,0
218741,110112199612260168,110112,1996,31,-11203,-3678,10.1,112500.0,0,0,62,3,0.3864,0.4084,1,未知,高中及以下,1,1
162852,110112199004210169,110112,1990,36,-13204,-1762,4.8,135000.0,0,0,0,0,0.3231,0.6178,1,Cooking staff,高中及以下,0,0
120775,110112198006260170,110112,1980,46,-16871,-1124,3.1,157500.0,0,1,1574,3,0.6099,0.5137,0,Laborers,高中及以下,0,0
154257,110112198502210171,110112,1985,42,-15240,-5575,15.3,225000.0,0,0,446,0,0.6152,0.0,0,Laborers,本科,0,0
180494,110112198504010172,110112,1985,41,-15090,-5487,15.0,270000.0,0,0,469,4,0.5438,0.3108,0,Medicine staff,本科,0,0
129363,110112199212100173,110112,1992,34,-12430,-2361,6.5,112500.0,0,0,2024,4,0.6097,0.275,0,未知,高中及以下,0,2
184005,110112197909120174,110112,1979,47,-17202,-447,1.2,67500.0,0,3,1667,1,0.6632,0.4418,0,Accountants,本科,0,3
100587,110112197709110175,110112,1977,49,-17999,-750,2.1,90000.0,0,0,433,1,0.6212,0.3723,1,Cleaning staff,高中及以下,0,0
233733,110112197503090176,110112,1975,52,-18842,-221,0.6,262800.0,0,0,1521,5,0.582,0.3706,0,Security staff,高中及以下,0,0
233288,110112197208060177,110112,1972,54,-19844,-6506,17.8,90000.0,0,0,18,3,0.5509,0.3723,0,Laborers,高中及以下,0,0
148708,110112199001250178,110112,1990,36,-13147,-1107,3.0,360000.0,0,0,899,2,0.5982,0.254,0,Drivers,高中及以下,0,0
192663,110112196404070179,110112,1964,62,-22805,-12604,34.5,225000.0,0,0,170,3,0.1402,0.6195,0,Managers,本科,0,1
241093,110112197009030180,110112,1970,57,-20678,-6324,17.3,112500.0,0,0,0,0,0.2017,0.8277,0,未知,高中及以下,0,0
133197,110112198802170181,110112,1988,39,-14164,-896,2.5,90000.0,0,0,0,2,0.5823,0.4669,0,Cooking staff,高中及以下,0,0
193969,110112199110230182,110112,1991,36,-13023,-407,1.1,180000.0,1,0,688,1,0.2884,0.7338,1,Sales staff,高中及以下,0,0
119822,110112199307220183,110112,1993,34,-12390,-333,0.9,225000.0,0,1,177,6,0.0046,0.2128,1,Managers,高中及以下,1,6
215848,110112198605230184,110112,1986,41,-14842,-3327,9.1,90000.0,0,0,1561,2,0.6284,0.4651,0,Medicine staff,高中及以下,0,0
155166,110112198702050185,110112,1987,39,-14319,-2817,7.7,225000.0,0,1,2264,1,0.5916,0.5744,0,未知,高中及以下,0,2
218383,110112198511210186,110112,1985,42,-15207,-2102,5.8,202500.0,0,0,446,4,0.653,0.5101,1,Drivers,高中及以下,0,0
193967,110112198909180187,110112,1989,37,-13582,-3472,9.5,202500.0,0,0,2479,3,0.7148,0.5137,0,Sales staff,高中及以下,0,3
212780,110112199104040188,110112,1991,36,-13125,-132,0.4,130500.0,0,0,308,0,0.2116,0.0,0,Waiters/barmen staff,高中及以下,1,0
136894,110112198703060189,110112,1987,39,-14288,-7293,20.0,98100.0,0,0,0,6,0.3861,0.1975,0,Core staff,高中及以下,0,0
128354,110112198007240190,110112,1980,46,-16852,-4170,11.4,180000.0,0,1,358,0,0.5635,0.7338,0,Sales staff,高中及以下,0,2
169109,110112196310170191,110112,1963,63,-23123,-8552,23.4,202500.0,0,0,2320,2,0.5675,0.5496,0,Laborers,高中及以下,0,1
241205,110112199111170192,110112,1991,36,-12988,-268,0.7,72000.0,0,0,442,1,0.4642,0.1385,1,Laborers,高中及以下,0,0
129980,110112199907050193,110112,1999,27,-9871,-2212,6.1,112500.0,0,0,2432,5,0.6116,0.317,0,Sales staff,高中及以下,0,0
199912,110112200010260194,110112,2000,26,-9594,-1583,4.3,112500.0,0,0,1261,1,0.6872,0.1237,0,Sales staff,高中及以下,0,0
198246,110112199711060195,110112,1997,30,-10882,-315,0.9,67500.0,0,0,533,0,0.265,0.0,0,Cleaning staff,高中及以下,0,1
100101,110112197702020196,110112,1977,50,-18138,-969,2.7,202500.0,0,0,1585,0,0.7162,0.0,1,High skill tech staff,本科,0,0
210937,110112199109060197,110112,1991,35,-12809,-1021,2.8,202500.0,0,0,4,0,0.5628,0.7136,1,未知,本科,0,0
159869,110112200211040198,110112,2002,25,-9079,-314,0.9,157005.0,0,0,10,4,0.3762,0.2881,0,Laborers,高中及以下,0,0
190439,110112199901160199,110112,1999,27,-9894,-801,2.2,472500.0,0,0,503,0,0.7332,0.0,0,Core staff,本科,0,0
103659,110112200403270200,110112,2004,23,-8348,-187,0.5,300379.5,0,0,174,1,0.4223,0.6833,1,Sales staff,本科,0,0
120830,110112199110080201,110112,1991,36,-12974,-988,2.7,472500.0,0,0,0,3,0.5925,0.3202,1,Managers,本科,0,0
167072,110112197607160202,110112,1976,50,-18429,-2042,5.6,202500.0,0,0,508,1,0.0092,0.0,0,Private service staff,高中及以下,0,4
156804,110112199508130203,110112,1995,32,-11628,-2817,7.7,450000.0,0,0,574,0,0.6575,0.0,0,Private service staff,高中及以下,0,1
144372,110112197608270204,110112,1976,51,-18437,-4240,11.6,135000.0,0,0,425,2,0.855,0.5744,0,未知,高中及以下,0,0
110746,110112199505140205,110112,1995,31,-11353,-362,1.0,157500.0,0,0,0,0,0.4127,0.3062,0,Laborers,高中及以下,0,1
144632,110112199703090206,110112,1997,29,-10750,-3804,10.4,202500.0,0,0,909,1,0.6964,0.6144,1,Laborers,高中及以下,0,0
205121,110112198709120207,110112,1987,40,-14518,-6354,17.4,315000.0,0,0,1601,3,0.4388,0.7224,0,Managers,本科,0,0
114610,110112199501110208,110112,1995,31,-11406,-957,2.6,157500.0,0,0,2399,1,0.7311,0.5191,1,Sales staff,高中及以下,0,1
115902,110112197404110209,110112,1974,53,-19191,-3653,10.0,90000.0,0,0,484,0,0.3343,0.0,0,Laborers,高中及以下,0,0
235533,110112198904260210,110112,1989,38,-13697,-4094,11.2,112500.0,0,0,2927,2,0.2777,0.4312,0,Medicine staff,高中及以下,0,0
189980,110112197308200211,110112,1973,54,-19562,-9863,27.0,99000.0,0,0,0,2,0.5377,0.4723,0,未知,高中及以下,0,0
112833,110112200005040212,110112,2000,27,-9723,-380,1.0,135000.0,0,0,1,1,0.3729,0.359,0,未知,高中及以下,0,0
240845,110112199406010213,110112,1994,32,-11805,-383,1.0,180000.0,0,0,622,2,0.5248,0.2837,1,Sales staff,本科,0,5
198685,110112197910160214,110112,1979,47,-17300,-318,0.9,180000.0,0,0,461,2,0.7168,0.2226,0,未知,高中及以下,0,0
123408,110112198002080215,110112,1980,46,-16934,-1567,4.3,81000.0,0,0,126,0,0.2623,0.0,0,未知,高中及以下,0,1
123900,110112198710180216,110112,1987,40,-14497,-576,1.6,112500.0,0,1,0,2,0.5804,0.3361,0,Managers,高中及以下,1,4
222183,110112199706010217,110112,1997,30,-10798,-544,1.5,315000.0,0,1,0,5,0.5649,0.3808,1,Core staff,大专,0,3
187999,110112198705140218,110112,1987,40,-14462,-346,0.9,90000.0,0,0,1468,0,0.6792,0.0,1,Accountants,高中及以下,0,0
201867,110112199807090219,110112,1998,29,-10446,-221,0.6,337500.0,0,0,52,1,0.6461,0.4189,0,未知,本科,0,0
130665,110112198501210220,110112,1985,42,-15218,-4323,11.8,90000.0,0,0,0,0,0.6324,0.0,1,Sales staff,高中及以下,0,0
149001,110112198506060221,110112,1985,42,-15262,-3794,10.4,90000.0,0,0,1749,5,0.4751,0.1206,0,Laborers,高中及以下,0,3
197732,110112199712110222,110112,1997,30,-10824,-1655,4.5,180000.0,0,0,545,0,0.6848,0.6956,1,High skill tech staff,本科,0,0
212357,110112199002070223,110112,1990,36,-13277,-4739,13.0,247500.0,0,0,2713,0,0.7127,0.7062,1,Laborers,高中及以下,0,1
178296,110112198802260224,110112,1988,39,-14125,-3389,9.3,157500.0,0,1,0,1,0.3297,0.4831,0,Laborers,高中及以下,0,0
139306,110112200309080225,110112,2003,23,-8498,-210,0.6,76500.0,0,0,993,3,0.4708,0.5442,0,Sales staff,本科,0,0
199899,110112195805040226,110112,1958,68,-24949,-3077,8.4,135000.0,0,0,1353,0,0.5972,0.8128,0,Managers,本科,0,0
239877,110112198508110227,110112,1985,42,-15208,-6088,16.7,450000.0,0,0,1279,4,0.3615,0.6246,1,Managers,本科,0,0
235171,110112199804150228,110112,1998,28,-10377,-2105,5.8,108000.0,0,2,536,1,0.7136,0.317,1,Sales staff,高中及以下,0,0
227748,110112199711270229,110112,1997,29,-10752,-408,1.1,135000.0,0,0,1144,1,0.3601,0.4014,0,Core staff,大专,0,0
137310,110112198409190230,110112,1984,43,-15636,-1165,3.2,202500.0,0,0,653,1,0.7464,0.6722,0,Cleaning staff,高中及以下,0,0
232068,110112199708100231,110112,1997,29,-10722,-283,0.8,135000.0,0,0,2190,3,0.6301,0.1634,1,Laborers,本科,0,3
157576,110112197609200232,110112,1976,51,-18456,-6791,18.6,157500.0,0,0,1883,4,0.3684,0.5173,0,Managers,高中及以下,0,0
173785,110112198902010233,110112,1989,37,-13592,-216,0.6,164430.0,0,0,0,0,0.7191,0.7851,0,Sales staff,高中及以下,0,1
224386,110112199501210234,110112,1995,32,-11604,-1853,5.1,139500.0,0,0,859,5,0.4657,0.3573,1,Core staff,高中及以下,0,0
220351,110112200011260235,110112,2000,27,-9758,-682,1.9,427500.0,0,0,217,0,0.5071,0.0,0,未知,本科,0,3
169021,110112199212140236,110112,1992,35,-12706,-2814,7.7,76500.0,0,0,1500,4,0.2973,0.2302,0,Core staff,本科,1,3
181141,110112197501100237,110112,1975,52,-18921,-5038,13.8,112500.0,0,0,205,4,0.7153,0.7253,0,Laborers,高中及以下,0,1
195826,110112198910180238,110112,1989,38,-13739,-3996,10.9,157500.0,0,0,124,1,0.2991,0.6397,1,Laborers,高中及以下,0,0
183604,110112199407040239,110112,1994,33,-11865,-1525,4.2,270000.0,0,0,1522,2,0.4755,0.5191,1,Laborers,高中及以下,1,8
122505,110112196811250240,110112,1968,58,-21189,-1686,4.6,135000.0,0,0,1289,1,0.5998,0.4294,1,Laborers,高中及以下,0,0
145905,110112198610200241,110112,1986,40,-14673,-694,1.9,180000.0,0,0,460,1,0.7451,0.5047,1,Drivers,高中及以下,0,1
141646,110112198403020242,110112,1984,43,-15609,-710,1.9,135000.0,0,0,1114,2,0.3622,0.611,0,Laborers,高中及以下,0,5
111881,110112196701020243,110112,1967,60,-21787,-6454,17.7,108855.0,0,0,1775,1,0.511,0.7151,0,Core staff,高中及以下,0,1
162475,110112197507220244,110112,1975,51,-18621,-430,1.2,90000.0,0,0,0,0,0.3246,0.8591,0,Laborers,高中及以下,0,0
103946,110112196702170245,110112,1967,60,-21796,-6556,18.0,166500.0,0,0,1462,1,0.6406,0.7394,1,Laborers,高中及以下,0,0
208979,110112197105050246,110112,1971,55,-20192,-13593,37.2,135000.0,0,0,1105,0,0.6891,0.7863,0,Laborers,高中及以下,0,0
202664,110112197303030247,110112,1973,54,-19570,-406,1.1,121500.0,0,1,0,0,0.7335,0.7296,0,Sales staff,高中及以下,0,2
142662,110112197905250248,110112,1979,47,-17220,-3173,8.7,225000.0,0,0,415,0,0.7485,0.8328,0,Sales staff,高中及以下,0,0
209005,110112198011160249,110112,1980,47,-17031,-721,2.0,180000.0,0,0,616,1,0.6979,0.0,1,Managers,高中及以下,0,0
140926,310000199704040250,310000,1997,29,-10755,-1215,3.3,180000.0,0,0,1749,1,0.7096,0.7136,1,未知,本科,0,0
101320,310000199912020251,310000,1999,28,-10108,-431,1.2,135000.0,0,1,1893,1,0.5989,0.611,1,Managers,高中及以下,0,0
113195,310000198807210252,310000,1988,38,-14015,-2337,6.4,180000.0,0,0,1736,1,0.3345,0.6956,1,Laborers,本科,0,2
231435,310000198907030253,310000,1989,38,-13696,-798,2.2,135000.0,0,0,0,0,0.1729,0.0,0,High skill tech staff,高中及以下,1,0
217215,310000197302210254,310000,1973,54,-19619,-266,0.7,135000.0,0,0,2999,2,0.7315,0.7958,1,Managers,高中及以下,0,0
110940,310000199103200255,310000,1991,36,-12961,-318,0.9,180000.0,0,0,203,0,0.6731,0.4294,0,Private service staff,高中及以下,0,3
142552,310000199701060256,310000,1997,30,-10939,-969,2.7,90000.0,0,0,706,1,0.6624,0.592,0,未知,本科,0,0
112527,310000199203150257,310000,1992,34,-12480,-587,1.6,90000.0,0,0,1399,5,0.6828,0.4543,0,Core staff,本科,0,0
105891,310000198312250258,310000,1983,43,-15718,-4163,11.4,157500.0,1,0,387,1,0.6537,0.8193,1,Drivers,本科,0,0
161200,310000199708240259,310000,1997,29,-10704,-1194,3.3,202500.0,0,0,205,0,0.578,0.0,0,未知,高中及以下,0,0
113166,310000197312080260,310000,1973,53,-19350,-1444,4.0,450000.0,0,0,2139,0,0.5894,0.0,0,Core staff,本科,1,0
195405,310000197503070261,310000,1975,52,-18892,-2732,7.5,360000.0,0,0,1532,3,0.5666,0.7017,1,Managers,本科,0,2
144223,310000200101040262,310000,2001,26,-9358,-1600,4.4,90000.0,0,0,469,1,0.6467,0.6007,0,Core staff,高中及以下,0,0
151635,310000199309070263,310000,1993,34,-12249,-2393,6.6,472500.0,0,0,340,6,0.6494,0.3808,0,Managers,本科,0,0
224189,310000200406190264,310000,2004,22,-8110,-302,0.8,90000.0,0,0,412,1,0.5681,0.2636,0,Accountants,高中及以下,0,0
190085,310000200211020265,310000,2002,25,-9022,-258,0.7,112500.0,0,0,278,1,0.3089,0.5727,0,Laborers,大专,0,0
139842,310000198309180266,310000,1983,43,-15830,-2469,6.8,225000.0,0,0,0,1,0.5697,0.7267,0,Drivers,高中及以下,0,0
200141,310000198408180267,310000,1984,42,-15472,-4516,12.4,225000.0,0,3,1442,5,0.6723,0.2314,0,Medicine staff,高中及以下,0,0
124669,310000199712030268,310000,1997,30,-10849,-659,1.8,180000.0,0,0,0,2,0.4547,0.7649,1,Laborers,高中及以下,0,0
234306,310000199404130269,310000,1994,33,-12037,-1165,3.2,270000.0,0,0,1608,2,0.6804,0.5955,1,Managers,高中及以下,0,0
206080,310000199910230270,310000,1999,28,-10042,-511,1.4,180000.0,0,0,404,0,0.724,0.0,0,未知,本科,0,0
207014,310000197707180271,310000,1977,49,-18036,-759,2.1,108000.0,0,0,1125,2,0.7239,0.5709,0,Core staff,高中及以下,0,0
187718,310000200005010272,310000,2000,26,-9670,-569,1.6,202500.0,0,1,438,1,0.7155,0.2485,1,High skill tech staff,本科,0,1
145128,310000199608070273,310000,1996,30,-11004,-288,0.8,156600.0,0,0,198,1,0.596,0.5762,0,未知,本科,0,0
187775,310000198605020274,310000,1986,40,-14644,-7145,19.6,193500.0,0,0,2665,1,0.6966,0.4066,0,Medicine staff,高中及以下,0,0
175510,310000197908190275,310000,1979,48,-17356,-5733,15.7,90000.0,0,0,956,3,0.582,0.3491,1,Laborers,高中及以下,0,0
135446,310000198708190276,310000,1987,40,-14473,-633,1.7,81000.0,0,0,0,0,0.5184,0.0,0,未知,高中及以下,0,0
117603,310000199601190277,310000,1996,31,-11239,-1654,4.5,67500.0,0,0,2729,0,0.597,0.0,0,Sales staff,高中及以下,0,0
118074,310000199511050278,310000,1995,32,-11617,-717,2.0,315000.0,0,0,522,1,0.7645,0.7077,0,Accountants,本科,0,0
222344,310000196409170279,310000,1964,63,-22872,-1084,3.0,202500.0,0,0,1852,2,0.6111,0.5603,0,High skill tech staff,高中及以下,0,0
180005,310000199412110280,310000,1994,32,-11784,-2233,6.1,157500.0,0,0,0,3,0.3842,0.2526,0,Sales staff,高中及以下,0,1
165662,310000200205140281,310000,2002,24,-8916,-101,0.3,157500.0,0,0,0,2,0.4236,0.0,0,Core staff,本科,0,0
178576,310000197604190282,310000,1976,51,-18531,-673,1.8,270000.0,0,0,845,4,0.5702,0.3377,0,Laborers,高中及以下,0,0
176250,310000198509100283,310000,1985,42,-15316,-1638,4.5,247500.0,0,0,353,0,0.3065,0.0,0,未知,本科,1,2
186677,310000196509170284,310000,1965,62,-22594,-1480,4.1,117000.0,0,0,3018,2,0.3542,0.8328,1,Security staff,高中及以下,0,0
235349,310000200110150285,310000,2001,25,-9151,-740,2.0,67500.0,0,0,343,0,0.4392,0.0,0,Sales staff,高中及以下,0,0
110101,310000198704100286,310000,1987,40,-14454,-771,2.1,112500.0,0,1,1247,3,0.7759,0.5317,0,未知,本科,0,3
224999,310000199301200287,310000,1993,34,-12389,-795,2.2,135000.0,0,1,1712,1,0.0888,0.4472,1,Drivers,高中及以下,0,0
221308,310000197012230288,310000,1970,57,-20776,-754,2.1,29250.0,0,0,484,0,0.5899,0.0,0,Security staff,高中及以下,0,0
219967,310000199009190289,310000,1990,37,-13497,-1270,3.5,270000.0,0,0,1019,0,0.3295,0.0,0,Drivers,本科,0,0
118339,310000199105010290,310000,1991,36,-13134,-734,2.0,202500.0,0,1,1161,4,0.578,0.2595,0,未知,本科,0,6
111255,310000200001140291,310000,2000,27,-9691,-107,0.3,450000.0,0,0,33,6,0.7182,0.2526,0,High skill tech staff,本科,0,0
174654,310000197709140292,310000,1977,50,-18228,-10498,28.8,157500.0,0,0,2485,0,0.6095,0.7209,0,Core staff,高中及以下,0,1
235186,310000198012180293,310000,1980,46,-16892,-153,0.4,180000.0,0,0,1413,4,0.7078,0.4993,0,Core staff,本科,0,2
162850,310000197710180294,310000,1977,50,-18230,-4950,13.6,157500.0,0,0,0,2,0.6235,0.7863,1,Drivers,高中及以下,0,0
120389,310000198008280295,310000,1980,47,-17081,-3090,8.5,144000.0,1,0,401,2,0.6105,0.4794,0,Laborers,高中及以下,0,3
146175,310000197108100296,310000,1971,56,-20274,-6054,16.6,225000.0,0,0,2551,0,0.7521,0.0,1,Drivers,高中及以下,0,1
135653,310000197711100297,310000,1977,50,-18089,-5536,15.2,135000.0,0,0,0,2,0.5953,0.6659,0,High skill tech staff,高中及以下,0,0
135407,310000199012150298,310000,1990,36,-13186,-113,0.3,99000.0,0,0,469,3,0.607,0.4794,0,Laborers,高中及以下,0,0
199579,310000199307220299,310000,1993,33,-12124,-1490,4.1,157500.0,0,0,1168,2,0.6678,0.182,1,Sales staff,高中及以下,0,3
183261,310000196204270300,310000,1962,64,-23503,-3679,10.1,315000.0,0,0,3553,1,0.7654,0.6801,0,未知,本科,0,0
126065,310000197901260301,310000,1979,47,-17256,-5284,14.5,126000.0,0,0,738,1,0.479,0.5442,0,Sales staff,高中及以下,0,0
178247,310000199310050302,310000,1993,34,-12250,-256,0.7,112500.0,0,0,705,4,0.5674,0.2392,1,Drivers,高中及以下,0,1
134160,310000199402170303,310000,1994,33,-11896,-1771,4.9,157500.0,0,0,1215,2,0.319,0.2553,0,Laborers,高中及以下,0,1
151647,310000197212070304,310000,1972,55,-20004,-2933,8.0,225000.0,0,0,1867,0,0.6131,0.0,0,Sales staff,高中及以下,0,0
185864,310000197801180305,310000,1978,48,-17596,-1030,2.8,270000.0,0,0,3,3,0.5012,0.1767,0,Laborers,高中及以下,0,0
146390,310000199407040306,310000,1994,32,-11687,-3087,8.5,180000.0,0,0,1967,3,0.6822,0.661,1,Core staff,高中及以下,0,3
114014,310000199001210307,310000,1990,36,-13253,-112,0.3,135000.0,0,0,238,0,0.1842,0.0,0,High skill tech staff,大专,0,2
182260,310000198702210308,310000,1987,39,-14406,-2910,8.0,225000.0,0,0,573,1,0.316,0.5585,0,Sales staff,高中及以下,0,0
202226,310000198810100309,310000,1988,39,-14213,-5134,14.1,162000.0,0,0,583,0,0.298,0.0,0,Core staff,本科,1,2
118252,310000198907160310,310000,1989,38,-13855,-4332,11.9,90000.0,0,0,242,1,0.0496,0.6447,0,未知,高中及以下,0,0
109457,310000196006030311,310000,1960,67,-24447,-1831,5.0,121500.0,0,0,1712,1,0.1775,0.0,0,Security staff,高中及以下,1,2
221081,310000197609060312,310000,1976,51,-18567,-1272,3.5,202500.0,0,0,1622,3,0.6518,0.7463,0,Laborers,高中及以下,0,3
200382,310000199909180313,310000,1999,27,-9998,-2366,6.5,112500.0,0,0,2218,1,0.3353,0.6848,0,Core staff,高中及以下,0,0
102752,310000198611090314,310000,1986,40,-14601,-7623,20.9,135000.0,0,0,1328,2,0.6022,0.4723,0,Core staff,高中及以下,1,0
117394,310000199209070315,310000,1992,35,-12610,-3090,8.5,112500.0,0,0,11,2,0.4173,0.6987,0,Sales staff,高中及以下,0,2
239905,310000197611180316,310000,1976,50,-18414,-1567,4.3,202500.0,0,0,2136,5,0.5698,0.3016,0,HR staff,本科,0,6
143927,310000197507180317,310000,1975,52,-18959,-7109,19.5,225000.0,0,0,699,2,0.39,0.4776,1,High skill tech staff,高中及以下,0,1
130979,310000197507180318,310000,1975,52,-18929,-1205,3.3,162000.0,0,0,538,0,0.6749,0.0,0,Sales staff,高中及以下,0,0
175389,310000196507040319,310000,1965,61,-22306,-1693,4.6,247500.0,0,0,407,2,0.48,0.4049,0,IT staff,本科,0,0
190125,310000199509260320,310000,1995,31,-11372,-1089,3.0,292500.0,0,0,531,1,0.1707,0.5424,0,Sales staff,高中及以下,0,1
189331,310000197808180321,310000,1978,48,-17604,-1806,4.9,85500.0,0,2,371,0,0.71,0.5083,0,未知,本科,0,0
139748,310000196909020322,310000,1969,57,-20831,-480,1.3,202500.0,0,0,0,1,0.7115,0.4867,1,Drivers,高中及以下,0,0
174361,310000197901140323,310000,1979,47,-17299,-1050,2.9,225000.0,0,0,1306,1,0.4709,0.2837,0,Sales staff,大专,0,0
110897,310000199606220324,310000,1996,30,-11106,-935,2.6,157500.0,0,0,741,3,0.6768,0.2213,0,Laborers,本科,0,0
130656,310000198308040325,310000,1983,44,-16014,-2257,6.2,180000.0,0,0,2294,2,0.4493,0.0,1,Core staff,本科,0,3
170236,310000198705260326,310000,1987,39,-14276,-4522,12.4,225000.0,0,1,1472,2,0.2918,0.6414,0,Sales staff,高中及以下,0,5
100383,310000198911130327,310000,1989,38,-13754,-819,2.2,180000.0,0,0,217,1,0.3248,0.4259,1,Drivers,高中及以下,0,8
172368,310000199506040328,310000,1995,32,-11561,-4377,12.0,67500.0,0,0,2175,1,0.5302,0.5762,0,Laborers,高中及以下,0,0
149159,310000197704040329,310000,1977,50,-18144,-11063,30.3,157500.0,0,3,0,3,0.5976,0.6659,0,未知,高中及以下,0,5
184443,310000198603270330,310000,1986,41,-14938,-3091,8.5,135000.0,0,2,276,2,0.3093,0.5585,0,未知,本科,0,0
152886,310000197009030331,310000,1970,56,-20463,-1820,5.0,72000.0,0,0,644,2,0.6814,0.4241,0,Accountants,本科,0,0
178478,310000197304070332,310000,1973,54,-19638,-2283,6.3,135000.0,0,0,139,1,0.6326,0.5815,1,Drivers,高中及以下,0,0
229394,310000199211090333,310000,1992,35,-12594,-295,0.8,472500.0,0,0,321,1,0.2699,0.4921,0,未知,本科,0,0
235603,310000199402110334,310000,1994,33,-11877,-1239,3.4,72000.0,0,0,627,1,0.3857,0.2707,1,Medicine staff,高中及以下,0,0
203252,310000198402170335,310000,1984,42,-15428,-1214,3.3,90000.0,0,0,341,0,0.2648,0.0,0,Laborers,高中及以下,0,0
222871,310000198408260336,310000,1984,43,-15625,-5311,14.6,225000.0,0,1,2507,6,0.6907,0.5227,0,Medicine staff,高中及以下,0,3
233380,310000198105250337,310000,1981,46,-16749,-302,0.8,180000.0,0,0,327,0,0.6333,0.5638,0,Managers,高中及以下,0,0
190307,310000197304200338,310000,1973,53,-19429,-622,1.7,45000.0,1,0,197,0,0.4039,0.5815,0,Cleaning staff,高中及以下,0,0
128795,310000198106050339,310000,1981,46,-16697,-2992,8.2,144000.0,0,0,0,3,0.7121,0.6707,0,Laborers,高中及以下,0,3
135343,310000198811250340,310000,1988,38,-13974,-378,1.0,247500.0,0,0,2110,3,0.6527,0.3233,0,Laborers,高中及以下,0,0
154976,310000197611240341,310000,1976,50,-18347,-3124,8.6,472500.0,0,0,0,8,0.7301,0.2793,1,Managers,本科,0,0
140479,310000199701230342,310000,1997,30,-10928,-4129,11.3,135000.0,0,0,26,0,0.0322,0.0,0,未知,高中及以下,0,0
110864,310000197708010343,310000,1977,49,-18057,-739,2.0,135000.0,0,0,1411,0,0.1367,0.7752,0,Sales staff,高中及以下,0,1
207572,310000199807240344,310000,1998,28,-10397,-233,0.6,180000.0,0,0,242,0,0.6797,0.7296,1,未知,本科,0,0
236561,310000197209270345,310000,1972,54,-19870,-1583,4.3,112500.0,0,0,154,0,0.7734,0.0,0,Drivers,高中及以下,0,0
200706,310000199405100346,310000,1994,32,-11732,-335,0.9,135000.0,0,0,1784,2,0.4864,0.6178,1,Core staff,本科,0,0
111324,310000199601040347,310000,1996,31,-11314,-542,1.5,207000.0,0,1,1805,0,0.5218,0.7851,1,未知,大专,0,0
238866,310000198712260348,310000,1987,40,-14444,-151,0.4,126000.0,0,1,1387,3,0.7763,0.3825,1,Core staff,本科,0,1
158079,310000199211140349,310000,1992,34,-12431,-2237,6.1,180000.0,0,0,1720,4,0.599,0.4776,0,Managers,本科,0,3
110633,310000196908010350,310000,1969,57,-20934,-803,2.2,135000.0,0,0,1511,4,0.5028,0.4633,1,Sales staff,高中及以下,0,1
109378,310000199611260351,310000,1996,30,-11012,-948,2.6,157500.0,0,0,385,3,0.342,0.3001,0,Sales staff,本科,0,0
208486,310000198211250352,310000,1982,45,-16302,-1858,5.1,90000.0,0,0,761,2,0.5101,0.0,0,Sales staff,高中及以下,0,0
188472,310000200202170353,310000,2002,25,-9089,-1620,4.4,103500.0,0,0,310,0,0.3091,0.0,0,未知,本科,0,0
193302,310000197703110354,310000,1977,50,-18129,-693,1.9,67500.0,0,0,253,3,0.4745,0.2793,0,未知,高中及以下,0,0
198621,310000198302250355,310000,1983,43,-15836,-848,2.3,225000.0,0,0,1842,2,0.6924,0.1777,1,Drivers,高中及以下,0,0
129292,310000200107170356,310000,2001,25,-9224,-474,1.3,90000.0,0,0,966,1,0.1101,0.3656,0,Core staff,高中及以下,0,0
110575,310000199408180357,310000,1994,32,-11725,-4000,11.0,292500.0,0,2,1108,2,0.222,0.2808,0,Medicine staff,高中及以下,0,0
194218,310000198908120358,310000,1989,37,-13508,-1805,4.9,180000.0,0,0,1356,0,0.426,0.3297,0,未知,高中及以下,0,5
114914,310000199603200359,310000,1996,30,-11095,-1702,4.7,157500.0,0,0,230,0,0.4964,0.0,1,未知,高中及以下,0,2
134596,310000199209180360,310000,1992,35,-12741,-4338,11.9,171000.0,0,1,779,2,0.3361,0.5065,1,Managers,高中及以下,0,5
112721,310000199911060361,310000,1999,28,-10046,-290,0.8,247500.0,0,0,202,2,0.0745,0.1929,0,Sales staff,高中及以下,0,0
210475,310000198211180362,310000,1982,45,-16327,-2434,6.7,90000.0,0,1,1048,1,0.7016,0.7092,0,Laborers,高中及以下,0,0
112623,310000198804140363,310000,1988,38,-13985,-41,0.1,225000.0,0,0,123,0,0.53,0.0,0,未知,本科,0,0
225323,310000197902160364,310000,1979,48,-17475,-1566,4.3,153000.0,0,0,895,1,0.5459,0.1767,0,Sales staff,高中及以下,0,3
143721,310000198510070365,310000,1985,42,-15223,-3624,9.9,225000.0,0,0,2199,2,0.7589,0.643,1,Managers,高中及以下,0,1
174874,310000199505160366,310000,1995,32,-11575,-163,0.4,67500.0,0,0,0,1,0.4438,0.5514,0,Sales staff,高中及以下,0,0
122363,310000197604260367,310000,1976,50,-18261,-1735,4.8,112500.0,0,1,1640,8,0.629,0.1975,1,Drivers,高中及以下,0,2
205828,310000197508150368,310000,1975,51,-18725,-1860,5.1,202500.0,0,0,8,1,0.3916,0.578,0,Sales staff,高中及以下,0,1
145719,310000198009260369,310000,1980,47,-17117,-892,2.4,99000.0,0,0,159,1,0.687,0.5029,0,Security staff,高中及以下,1,0
207523,310000199302250370,310000,1993,33,-12093,-755,2.1,207000.0,0,0,2569,0,0.5718,0.0,0,Sales staff,大专,0,2
210388,310000199210110371,310000,1992,35,-12683,-649,1.8,67500.0,0,0,2017,1,0.5667,0.2405,0,Core staff,高中及以下,0,0
107426,310000198003220372,310000,1980,46,-16846,-589,1.6,54000.0,0,0,3113,0,0.5341,0.6024,0,Laborers,高中及以下,0,0
215035,310000199704050373,310000,1997,29,-10597,-1770,4.8,405000.0,0,0,1475,11,0.6888,0.2289,0,Sales staff,本科,0,2
115252,310000198504090374,310000,1985,42,-15164,-5582,15.3,112500.0,0,0,216,0,0.641,0.4741,0,Medicine staff,高中及以下,0,1
177736,310000199109220375,310000,1991,36,-13061,-3065,8.4,135000.0,0,0,2075,5,0.5072,0.0938,0,Cooking staff,高中及以下,0,2
222041,310000198504170376,310000,1985,41,-15118,-1793,4.9,103500.0,0,0,618,1,0.6776,0.6817,0,Sales staff,高中及以下,0,0
208392,310000197006090377,310000,1970,56,-20452,-11692,32.0,171000.0,0,0,808,1,0.7156,0.5011,0,Laborers,高中及以下,0,0
204979,310000198707270378,310000,1987,39,-14288,-251,0.7,360000.0,0,0,252,2,0.6934,0.3573,0,Managers,本科,1,0
197016,310000198209190379,310000,1982,44,-16157,-1704,4.7,135000.0,0,0,325,1,0.7147,0.0,1,Laborers,高中及以下,0,0
158598,310000199911150380,310000,1999,27,-9981,-1025,2.8,135000.0,0,1,481,1,0.627,0.2852,0,Private service staff,高中及以下,0,1
148351,310000198302060381,310000,1983,43,-15826,-1251,3.4,292500.0,0,0,564,12,0.4169,0.2485,0,Security staff,高中及以下,0,2
137981,310000197111050382,310000,1971,56,-20326,-10982,30.1,180000.0,0,0,164,0,0.3812,0.7714,0,未知,高中及以下,0,0
224322,310000197901060383,310000,1979,48,-17496,-4798,13.1,90000.0,0,1,323,0,0.7015,0.0,0,Laborers,高中及以下,0,0
232981,310000197212010384,310000,1972,55,-19985,-2254,6.2,126000.0,0,0,2279,1,0.0905,0.1615,0,Sales staff,高中及以下,0,0
158183,310000197503200385,310000,1975,51,-18649,-2301,6.3,112500.0,0,0,1726,3,0.2922,0.7366,0,Laborers,高中及以下,0,0
144339,310000198706210386,310000,1987,40,-14568,-6102,16.7,225000.0,0,0,1949,4,0.6752,0.2553,1,Core staff,本科,0,2
149241,310000199512120387,310000,1995,32,-11573,-1483,4.1,112500.0,0,0,0,0,0.3875,0.7296,0,未知,高中及以下,0,0
173367,310000198810070388,310000,1988,38,-13943,-4141,11.3,202500.0,0,0,296,2,0.2859,0.4903,0,Laborers,高中及以下,0,1
124402,310000197105260389,310000,1971,56,-20393,-1872,5.1,135000.0,0,0,283,0,0.6047,0.0,0,Laborers,高中及以下,0,0
224695,310000198504110390,310000,1985,42,-15174,-1131,3.1,180000.0,0,1,1755,3,0.6384,0.6144,0,未知,高中及以下,0,0
219851,310000199008140391,310000,1990,36,-13198,-1854,5.1,180000.0,0,0,1551,3,0.3218,0.5691,1,Sales staff,高中及以下,0,0
155582,310000198601010392,310000,1986,40,-14622,-8018,22.0,238500.0,0,0,2622,4,0.6734,0.5638,0,未知,本科,0,1
184827,310000199509270393,310000,1995,31,-11315,-155,0.4,382500.0,0,0,1028,2,0.5315,0.5885,1,未知,本科,0,2
158568,310000198209190394,310000,1982,44,-16109,-535,1.5,135000.0,0,0,324,3,0.4549,0.1735,0,Core staff,本科,1,1
239585,310000199611270395,310000,1996,30,-10959,-648,1.8,225000.0,0,0,370,2,0.6968,0.7923,0,Managers,高中及以下,0,0
113483,310000199203230396,310000,1992,35,-12755,-2163,5.9,202500.0,0,3,790,4,0.6534,0.5424,1,Drivers,高中及以下,0,1
101735,310000199311260397,310000,1993,34,-12364,-3881,10.6,292500.0,0,0,2611,2,0.764,0.4347,1,Managers,本科,0,0
185034,310000196609180398,310000,1966,60,-21977,-518,1.4,135000.0,0,1,0,7,0.0703,0.0845,0,Cleaning staff,高中及以下,1,0
215377,310000198706260399,310000,1987,39,-14404,-1279,3.5,90000.0,0,0,519,5,0.1701,0.4579,0,Security staff,高中及以下,0,0
204562,310000198201120400,310000,1982,45,-16248,-1988,5.4,135000.0,0,1,83,0,0.4546,0.8027,0,Low-skill Laborers,高中及以下,0,0
118630,310000197706220401,310000,1977,49,-17887,-472,1.3,270000.0,0,0,0,6,0.7035,0.3124,0,Managers,高中及以下,1,0
113617,310000198910140402,310000,1989,38,-13753,-5450,14.9,180000.0,0,0,971,2,0.7031,0.5902,0,未知,本科,0,2
199827,310000198108250403,310000,1981,46,-16663,-110,0.3,90000.0,0,0,308,0,0.3944,0.0,0,Sales staff,高中及以下,1,1
139649,310000199202210404,310000,1992,35,-12660,-3859,10.6,270000.0,0,1,0,1,0.4609,0.7739,0,未知,本科,0,0
193866,310000199110040405,310000,1991,36,-13048,-946,2.6,112500.0,0,0,1080,4,0.1985,0.3155,1,Managers,高中及以下,0,0
124693,310000197710180406,310000,1977,49,-17939,-3235,8.9,112500.0,0,0,1376,11,0.6436,0.4436,1,Core staff,高中及以下,0,1
164669,310000196707240407,310000,1967,60,-21805,-1356,3.7,157500.0,1,0,109,2,0.1142,0.4277,0,Managers,本科,0,0
112774,310000199311020408,310000,1993,33,-12092,-789,2.2,81000.0,0,0,2561,5,0.517,0.3893,0,Laborers,高中及以下,0,0
145364,310000198405050409,310000,1984,42,-15425,-8773,24.0,292500.0,0,0,1797,3,0.4824,0.6529,0,Medicine staff,高中及以下,0,0
168460,310000200204110410,310000,2002,25,-9094,-426,1.2,180000.0,0,0,395,0,0.668,0.0,0,Core staff,高中及以下,0,4
152829,310000197211120411,310000,1972,54,-19838,-1561,4.3,166500.0,0,0,511,2,0.5045,0.6833,1,未知,高中及以下,0,0
129360,310000197503250412,310000,1975,51,-18690,-3078,8.4,315000.0,0,0,828,1,0.6451,0.1377,1,Laborers,高中及以下,0,2
181368,310000198102160413,310000,1981,45,-16516,-4948,13.6,225000.0,0,0,0,0,0.646,0.7801,0,Medicine staff,本科,0,1
200910,310000199805280414,310000,1998,28,-10303,-220,0.6,180000.0,0,0,1141,0,0.5607,0.0,0,Core staff,本科,1,0
230673,310000198811170415,310000,1988,38,-13997,-872,2.4,225000.0,0,0,953,1,0.7583,0.5353,1,Drivers,高中及以下,0,0
156052,310000199609150416,310000,1996,31,-11283,-1177,3.2,112500.0,0,0,721,3,0.6268,0.1055,0,Cleaning staff,高中及以下,0,2
213567,310000197408050417,310000,1974,53,-19259,-5135,14.1,112500.0,0,2,1807,5,0.5838,0.3265,1,Laborers,本科,0,0
221401,310000198603090418,310000,1986,41,-14814,-4234,11.6,112500.0,0,0,2553,2,0.4492,0.4993,0,Laborers,高中及以下,0,0
198217,310000196806070419,310000,1968,58,-21276,-1128,3.1,202500.0,0,0,1474,3,0.8002,0.8193,1,Accountants,高中及以下,0,0
101459,310000197908220420,310000,1979,48,-17512,-2643,7.2,112500.0,0,0,872,0,0.5464,0.0,0,High skill tech staff,高中及以下,0,0
223989,310000199005260421,310000,1990,36,-13269,-3945,10.8,256500.0,0,0,1737,0,0.3989,0.7739,0,Laborers,高中及以下,0,0
203049,310000200309090422,310000,2003,24,-8598,-501,1.4,121500.0,0,0,1359,0,0.6634,0.0,0,Core staff,大专,0,3
155476,310000198302030423,310000,1983,43,-15720,-2182,6.0,180000.0,0,0,1518,1,0.1652,0.5173,0,Core staff,高中及以下,0,1
223156,310000198405150424,310000,1984,42,-15446,-605,1.7,157500.0,0,0,2610,6,0.6215,0.5514,1,Drivers,大专,0,0
119326,310000198708190425,310000,1987,39,-14413,-195,0.5,180000.0,0,0,435,1,0.6346,0.7504,0,未知,高中及以下,0,0
125016,310000200312160426,310000,2003,23,-8565,-520,1.4,180000.0,0,1,5,3,0.1077,0.234,0,Laborers,高中及以下,0,0
149021,310000197003110427,310000,1970,57,-20630,-7591,20.8,126000.0,0,0,1241,3,0.4852,0.7958,1,Laborers,高中及以下,0,0
121549,310000197905230428,310000,1979,47,-17205,-829,2.3,166500.0,0,0,2077,0,0.2581,0.0,0,Laborers,高中及以下,0,1
119976,310000200205270429,310000,2002,25,-9062,-1155,3.2,67500.0,0,0,929,0,0.2509,0.6007,0,Laborers,高中及以下,0,2
237830,310000199102230430,310000,1991,35,-12924,-285,0.8,112500.0,0,0,1588,2,0.2299,0.5603,0,Laborers,高中及以下,1,0
202790,310000198801160431,310000,1988,38,-13985,-2853,7.8,202500.0,0,0,1961,2,0.4596,0.6691,1,未知,高中及以下,0,0
128920,310000199509080432,310000,1995,32,-11521,-2665,7.3,225000.0,0,0,1727,4,0.6902,0.6229,0,Laborers,高中及以下,0,5
150471,310000200307280433,310000,2003,23,-8410,-806,2.2,180000.0,0,0,3,1,0.5489,0.6529,0,未知,本科,0,0
152243,310000199403050434,310000,1994,32,-11820,-882,2.4,225000.0,0,0,0,0,0.6308,0.0,1,Drivers,高中及以下,0,2
212304,310000198909010435,310000,1989,37,-13526,-731,2.0,112500.0,0,1,1379,4,0.4494,0.0,0,Core staff,高中及以下,0,0
139172,310000196806230436,310000,1968,59,-21460,-1234,3.4,360000.0,0,0,1837,0,0.7264,0.0,1,Drivers,本科,0,1
233236,310000197503270437,310000,1975,51,-18722,-158,0.4,292500.0,0,0,2940,6,0.6187,0.7122,1,未知,本科,0,0
163516,310000197210240438,310000,1972,55,-19924,-1112,3.0,180000.0,0,0,0,1,0.1845,0.0,0,未知,高中及以下,0,0
137861,310000198304280439,310000,1983,44,-15929,-3470,9.5,112500.0,0,0,0,1,0.2932,0.7863,1,Drivers,高中及以下,1,0
227620,310000200109280440,310000,2001,25,-9296,-254,0.7,180000.0,0,0,640,2,0.7149,0.3474,0,未知,本科,0,0
217802,310000197606010441,310000,1976,50,-18394,-6247,17.1,247500.0,0,0,773,1,0.658,0.0,1,未知,高中及以下,0,0
148936,310000200107150442,310000,2001,25,-9294,-1259,3.4,135000.0,0,0,739,0,0.7028,0.0,0,Managers,本科,0,1
193784,310000198805130443,310000,1988,39,-14217,-2597,7.1,135000.0,0,0,0,0,0.1249,0.2793,1,Laborers,高中及以下,0,0
190642,310000199412220444,310000,1994,33,-11941,-172,0.5,139500.0,0,0,828,2,0.4351,0.5227,1,Laborers,高中及以下,0,0
146618,310000200502210445,310000,2005,21,-7784,-781,2.1,180000.0,0,1,366,1,0.5509,0.4776,1,Accountants,高中及以下,0,0
109495,310000197509280446,310000,1975,52,-18948,-2498,6.8,225000.0,0,0,11,3,0.7102,0.6263,1,Managers,本科,0,0
117214,310000198010120447,310000,1980,47,-17133,-694,1.9,112500.0,0,0,1338,0,0.5542,0.6722,0,Sales staff,本科,0,0
217811,310000198703240448,310000,1987,40,-14494,-113,0.3,90000.0,0,0,603,1,0.2676,0.6675,1,未知,高中及以下,0,1
178575,310000198309250449,310000,1983,43,-15739,-4443,12.2,112500.0,0,0,738,1,0.6191,0.7224,0,Core staff,本科,0,0
151298,310000200508260450,310000,2005,22,-7945,-252,0.7,103500.0,0,0,911,2,0.4595,0.4049,0,Sales staff,高中及以下,0,0
108226,310000199011190451,310000,1990,37,-13490,-1133,3.1,103500.0,0,1,393,4,0.4053,0.5478,0,Core staff,高中及以下,0,0
100640,310000199404040452,310000,1994,33,-11887,-2260,6.2,157500.0,0,0,1729,1,0.7779,0.5155,0,Managers,本科,0,1
161767,310000196610230453,310000,1966,60,-21905,-2161,5.9,180000.0,0,0,1745,7,0.6086,0.2837,0,Sales staff,高中及以下,0,5
124392,310000197805120454,310000,1978,48,-17617,-712,2.0,135000.0,0,1,568,2,0.7363,0.5762,0,High skill tech staff,高中及以下,0,0
218326,310000198107060455,310000,1981,45,-16598,-445,1.2,135000.0,0,1,11,2,0.6942,0.5424,0,Security staff,高中及以下,0,0
148561,310000197310090456,310000,1973,53,-19378,-1903,5.2,202500.0,0,0,1019,1,0.6436,0.7408,1,Drivers,高中及以下,0,0
130069,310000198502170457,310000,1985,42,-15187,-2033,5.6,400500.0,0,0,0,6,0.5899,0.2526,1,Managers,本科,1,0
237607,310000198909040458,310000,1989,38,-13869,-2665,7.3,189000.0,0,0,266,4,0.499,0.3186,1,Core staff,本科,0,1
182033,310000198311140459,310000,1983,44,-15910,-969,2.7,216000.0,0,13,1828,3,0.5545,0.2665,1,Sales staff,高中及以下,0,1
202498,310000200004220460,310000,2000,27,-9770,-1109,3.0,135000.0,0,0,200,1,0.4333,0.4776,1,High skill tech staff,大专,0,1
231038,310000196506100461,310000,1965,62,-22520,-5509,15.1,180000.0,0,1,773,3,0.4187,0.5832,0,Sales staff,高中及以下,0,3
179375,310000199810120462,310000,1998,29,-10569,-415,1.1,72000.0,0,0,1478,2,0.0344,0.2044,0,Laborers,高中及以下,0,0
204179,310000197410250463,310000,1974,53,-19188,-4324,11.8,58500.0,0,0,1023,1,0.5619,0.6659,1,Sales staff,高中及以下,0,0
101799,310000199308250464,310000,1993,33,-12126,-1175,3.2,202500.0,0,0,496,0,0.5891,0.7408,0,Managers,高中及以下,0,0
120878,310000196802130465,310000,1968,59,-21396,-2051,5.6,153000.0,0,0,204,1,0.2973,0.4418,0,Private service staff,高中及以下,0,0
113988,310000198708100466,310000,1987,40,-14570,-994,2.7,135000.0,0,0,1148,2,0.2047,0.4401,0,Laborers,高中及以下,0,0
228312,310000197002170467,310000,1970,56,-20512,-1520,4.2,112500.0,0,0,510,0,0.4608,0.0,0,Laborers,高中及以下,0,1
127714,310000198809210468,310000,1988,38,-14046,-3076,8.4,225000.0,0,0,2337,5,0.24,0.3706,1,Drivers,高中及以下,0,0
201335,310000198909050469,310000,1989,37,-13604,-939,2.6,405000.0,0,0,2337,5,0.5726,0.5317,1,Managers,本科,0,0
106762,310000197709080470,310000,1977,49,-18041,-3733,10.2,112500.0,0,0,1929,1,0.5692,0.7463,1,Laborers,高中及以下,0,0
168393,310000200101060471,310000,2001,25,-9266,-2074,5.7,58500.0,0,0,1394,2,0.1989,0.5815,0,Laborers,高中及以下,0,0
208164,310000195901210472,310000,1959,67,-24486,-3676,10.1,90000.0,0,1,805,1,0.7491,0.5638,0,未知,高中及以下,0,1
202651,310000198711180473,310000,1987,39,-14321,-768,2.1,270000.0,0,0,0,4,0.6959,0.3876,1,Managers,本科,0,0
127535,310000199403150474,310000,1994,33,-11929,-103,0.3,90000.0,0,0,756,2,0.0,0.3297,0,Sales staff,高中及以下,0,0
179774,310000196301060475,310000,1963,64,-23314,-991,2.7,135000.0,0,0,513,2,0.4855,0.0806,0,Sales staff,本科,0,2
123787,310000197803280476,310000,1978,48,-17613,-112,0.3,112500.0,0,0,459,0,0.7201,0.1538,0,Laborers,本科,0,0
107812,310000200104240477,310000,2001,26,-9338,-147,0.4,472500.0,0,0,1085,1,0.7117,0.4171,1,Managers,本科,0,0
157074,310000199501210478,310000,1995,31,-11352,-3611,9.9,112500.0,0,0,3,1,0.1628,0.5227,1,Laborers,高中及以下,0,0
167561,310000197906280479,310000,1979,48,-17478,-6290,17.2,135000.0,0,0,2512,3,0.5909,0.2251,0,High skill tech staff,高中及以下,0,0
107454,310000197612280480,310000,1976,50,-18293,-781,2.1,157500.0,0,0,502,0,0.209,0.6848,1,Cooking staff,高中及以下,0,0
166313,310000198605170481,310000,1986,41,-14931,-1041,2.9,135000.0,0,0,1635,7,0.7122,0.5989,0,High skill tech staff,高中及以下,0,1
139081,310000197308120482,310000,1973,54,-19655,-2012,5.5,225000.0,0,0,16,3,0.4804,0.8225,1,Laborers,高中及以下,0,2
226587,310000198206150483,310000,1982,44,-16137,-1188,3.3,225000.0,0,0,1429,2,0.5059,0.7517,0,Drivers,高中及以下,0,3
146339,310000200012260484,310000,2000,27,-9748,-772,2.1,112500.0,0,0,0,1,0.3104,0.2636,0,Sales staff,本科,0,2
223806,310000198902180485,310000,1989,37,-13600,-285,0.8,360000.0,0,0,2,1,0.6354,0.0,0,Core staff,本科,0,0
119156,310000198510140486,310000,1985,42,-15303,-967,2.6,90000.0,0,1,822,1,0.5852,0.7739,0,Laborers,高中及以下,0,7
165541,310000198701150487,310000,1987,40,-14436,-3368,9.2,135000.0,0,0,2360,2,0.3166,0.5656,1,Laborers,高中及以下,0,0
203998,310000196907070488,310000,1969,57,-20928,-1564,4.3,225000.0,0,0,1110,2,0.7816,0.4812,0,Managers,本科,0,0
175384,310000198110010489,310000,1981,46,-16699,-2656,7.3,112500.0,0,0,19,11,0.2469,0.0791,1,Laborers,高中及以下,0,0
215283,310000199709080490,310000,1997,30,-10831,-715,2.0,202500.0,0,0,2116,2,0.5402,0.433,1,未知,本科,0,2
239159,310000197204240491,310000,1972,54,-19724,-3049,8.4,315000.0,0,0,1646,3,0.7589,0.4903,0,Managers,本科,0,4
128750,310000198812280492,310000,1988,38,-13993,-2350,6.4,211500.0,0,0,1497,1,0.4513,0.5299,0,Sales staff,高中及以下,0,0
143994,310000197402260493,310000,1974,53,-19273,-2753,7.5,67500.0,0,0,2018,1,0.5741,0.4957,1,Managers,高中及以下,0,0
130241,310000199310200494,310000,1993,34,-12245,-3756,10.3,112500.0,0,0,3,2,0.153,0.3825,0,未知,本科,0,2
132993,310000198810120495,310000,1988,39,-14199,-149,0.4,166500.0,0,0,0,0,0.4761,0.5709,1,Drivers,高中及以下,0,2
176466,310000198012160496,310000,1980,46,-16923,-325,0.9,117000.0,0,4,1515,5,0.6113,0.4383,1,未知,高中及以下,0,0
104673,310000198903230497,310000,1989,38,-13850,-1389,3.8,157500.0,0,0,0,4,0.6048,0.4921,1,Laborers,高中及以下,0,1
133406,310000198208250498,310000,1982,45,-16313,-381,1.0,67500.0,0,0,514,0,0.382,0.3825,0,Managers,高中及以下,0,0
236719,310000199008020499,310000,1990,37,-13334,-1379,3.8,157500.0,0,0,521,0,0.6198,0.0,0,Laborers,高中及以下,1,1
