id_card,name,credit_score,overdue_count_12m,credit_query_count_3m,multi_head_loan_count,multi_head_loan_total_amount,device_is_virtual,ip_is_proxy,device_change_count_30d,invalid_field
510106198502280000,模拟用户0,780,1,1,7,182220,0,0,2,
510106199903170001,模拟用户1,614,3,3,5,469690,0,0,1,
510106198812260002,模拟用户2,810,0,0,2,487436,0,0,1,
510106199505260003,模拟用户3,866,0,5,5,243154,0,0,2,
510106199209120004,模拟用户4,716,1,6,4,166536,0,0,3,
510106197010260005,模拟用户5,439,0,5,5,89037,0,0,3,
510106197002220006,模拟用户6,341,2,2,4,453222,0,0,2,
510106199408130007,模拟用户7,706,2,7,3,176469,0,0,4,
510106197007050008,模拟用户8,532,0,5,1,13682,0,0,3,
510106199107030009,模拟用户9,572,0,0,0,211127,1,1,3,
510106198110160010,模拟用户10,879,3,8,0,383152,0,0,4,
510106199109140011,模拟用户11,404,3,8,1,420539,0,0,2,
510106199705150012,模拟用户12,509,3,8,4,256446,0,0,2,
510106199904050013,模拟用户13,436,2,7,3,3358,0,0,1,
510106198110260014,模拟用户14,809,3,8,3,443464,0,0,2,garbage
510106199007040015,模拟用户15,304,0,0,2,19738,0,0,1,
510106200205230016,模拟用户16,461,1,1,7,236371,0,0,4,
510106197906050017,模拟用户17,545,2,7,5,266909,0,0,4,
510106200304100018,模拟用户18,768,0,0,2,444709,0,0,3,
510106198810010019,模拟用户19,369,3,4,2,367727,0,0,3,
510106197404160020,模拟用户20,491,1,6,4,449777,0,0,4,
510106199307020021,模拟用户21,491,3,8,2,322796,0,0,3,
510106199711200022,模拟用户22,884,3,8,4,226817,0,0,2,
510106199312180023,模拟用户23,744,0,5,5,200569,0,0,1,
510106200412010024,模拟用户24,546,2,7,3,115584,0,0,3,
510106200203110025,模拟用户25,490,0,0,4,165289,0,0,2,
510106198103010026,模拟用户26,307,2,7,1,255989,0,0,1,
510106200208100027,模拟用户27,825,3,4,0,65333,0,0,1,garbage
510106199812140028,模拟用户28,305,1,1,5,129593,1,1,2,
510106197103180029,模拟用户29,689,1,6,6,161215,0,0,1,
510106200407170030,模拟用户30,698,0,0,0,408302,1,1,3,
510106199508260031,模拟用户31,421,2,2,2,309143,0,0,1,
510106197910020032,模拟用户32,440,2,2,6,271487,1,1,2,
510106197604260033,模拟用户33,489,3,3,1,484635,0,0,4,
510106198008040034,模拟用户34,882,3,8,1,166258,0,0,4,
510106199405250035,模拟用户35,529,3,8,3,300228,0,0,3,
510106197905090036,模拟用户36,793,0,5,1,265308,0,0,2,
510106199303170037,模拟用户37,756,2,2,6,189651,1,1,3,
510106200404180038,模拟用户38,700,1,1,3,43856,0,0,2,
510106200108230039,模拟用户39,833,1,6,6,215189,0,0,2,garbage
510106200105120040,模拟用户40,375,3,4,0,245984,0,0,1,
510106198207250041,模拟用户41,424,3,8,4,297843,0,0,1,
510106200409170042,模拟用户42,324,3,8,6,478697,0,0,3,
510106198909220043,模拟用户43,654,3,3,7,237281,0,0,1,garbage
510106198211190044,模拟用户44,802,2,7,7,310091,0,0,3,
510106198109190045,模拟用户45,782,1,1,3,1881,0,0,3,
510106198109070046,模拟用户46,632,3,8,7,136949,0,0,3,garbage
510106199704190047,模拟用户47,874,3,8,4,411659,0,0,1,
510106198505050048,模拟用户48,819,3,8,1,103119,0,0,3,
510106200412250049,模拟用户49,699,3,8,6,104428,0,0,1,
510106199004210050,模拟用户50,730,3,8,2,274892,0,0,3,
510106199209070051,模拟用户51,580,2,2,4,3969,0,0,2,
510106198310050052,模拟用户52,770,3,8,0,257450,0,0,4,
510106200407110053,模拟用户53,849,0,5,7,88302,0,0,4,
510106198002150054,模拟用户54,886,0,0,6,26553,0,0,2,
510106198109100055,模拟用户55,434,1,1,7,340130,0,0,3,
510106198606070056,模拟用户56,486,3,4,0,362811,0,0,4,garbage
510106198208100057,模拟用户57,406,3,4,4,103306,0,0,2,
510106197802270058,模拟用户58,524,0,5,1,269279,0,0,2,
510106197105050059,模拟用户59,407,2,7,7,479178,0,0,1,
510106198808160060,模拟用户60,789,3,8,1,346293,0,0,4,
510106197006200061,模拟用户61,395,3,8,5,295209,0,0,1,
510106198607250062,模拟用户62,720,0,0,0,230636,0,0,3,garbage
510106197304060063,模拟用户63,459,2,2,2,113985,1,1,2,
510106200003120064,模拟用户64,804,0,5,3,86803,0,0,3,
510106199610260065,模拟用户65,685,1,6,2,244929,0,0,1,
510106198807030066,模拟用户66,427,0,0,4,226453,0,0,4,
510106198202280067,模拟用户67,655,3,8,0,107615,0,0,2,
510106198912080068,模拟用户68,779,3,3,7,398276,0,0,2,
510106197003130069,模拟用户69,695,1,1,1,450134,0,0,4,
510106199709280070,模拟用户70,794,2,7,3,106244,0,0,4,
510106199408010071,模拟用户71,654,3,8,7,372818,0,0,1,
510106197510120072,模拟用户72,500,3,4,4,40542,0,0,4,
510106200105160073,模拟用户73,886,3,3,7,471605,0,0,2,
510106199011280074,模拟用户74,492,0,5,5,343150,0,0,4,
510106200403200075,模拟用户75,411,0,5,5,309378,0,0,4,
510106198709170076,模拟用户76,372,3,8,6,147698,0,0,1,
510106198301210077,模拟用户77,351,2,7,7,454485,0,0,4,
510106197207250078,模拟用户78,325,3,3,7,56396,0,0,3,garbage
510106198012100079,模拟用户79,506,2,2,4,338585,0,0,2,
510106200108060080,模拟用户80,668,2,2,6,464448,0,0,4,
510106198108280081,模拟用户81,562,2,2,6,453955,0,0,2,garbage
510106197710280082,模拟用户82,345,3,8,1,152271,0,0,2,
510106199508260083,模拟用户83,559,3,4,0,342022,0,0,1,
510106199712050084,模拟用户84,797,3,4,6,358766,0,0,1,
510106199606170085,模拟用户85,633,0,5,7,295184,0,0,4,garbage
510106197801210086,模拟用户86,657,2,7,7,95790,0,0,2,
510106198912160087,模拟用户87,818,3,4,0,421585,0,0,1,
510106199803060088,模拟用户88,605,3,8,5,308019,0,0,4,
510106198703050089,模拟用户89,726,3,4,6,312579,0,0,1,
510106199402100090,模拟用户90,591,3,3,5,243322,0,0,1,
510106199902270091,模拟用户91,712,1,1,7,278266,0,0,3,
510106197407240092,模拟用户92,788,0,0,4,138442,1,1,4,
510106200206010093,模拟用户93,554,3,8,3,436606,0,0,1,
510106198701110094,模拟用户94,897,0,0,4,208785,0,0,2,
510106199010250095,模拟用户95,454,2,2,2,410869,0,0,1,
510106199111270096,模拟用户96,786,0,5,1,90385,0,0,4,
510106198201020097,模拟用户97,663,2,2,4,474634,0,0,1,
510106200401210098,模拟用户98,321,1,6,4,323966,0,0,1,
510106197512170099,模拟用户99,443,3,4,4,368863,0,0,1,
510106197405060100,模拟用户100,715,2,2,0,96452,0,0,2,
510106197205230101,模拟用户101,422,3,8,0,455433,0,0,4,
510106197910190102,模拟用户102,446,1,6,4,481799,0,0,4,
510106198605140103,模拟用户103,856,2,7,7,273423,0,0,2,
510106197801190104,模拟用户104,314,2,2,0,315617,0,0,1,
510106198204010105,模拟用户105,507,3,8,4,118128,0,0,1,
510106200102280106,模拟用户106,719,3,8,6,14506,0,0,1,garbage
510106200008070107,模拟用户107,854,1,6,6,113978,0,0,4,
510106199510020108,模拟用户108,767,3,8,1,7235,0,0,2,
510106197211180109,模拟用户109,731,1,1,3,462092,0,0,2,
510106198101220110,模拟用户110,669,1,6,0,170956,0,0,3,garbage
510106197411250111,模拟用户111,608,3,8,0,291853,0,0,1,
510106198607150112,模拟用户112,739,3,4,2,370513,0,0,4,
510106199002110113,模拟用户113,552,1,6,0,145817,0,0,4,
510106200306180114,模拟用户114,642,1,1,1,408213,0,0,1,
510106200302150115,模拟用户115,513,3,4,2,255719,0,0,2,
510106199603020116,模拟用户116,642,0,0,6,234390,0,0,1,
510106200208150117,模拟用户117,765,2,2,0,455982,0,0,2,
510106199907100118,模拟用户118,646,1,1,5,34924,0,0,4,
510106198605040119,模拟用户119,400,3,3,1,67163,0,0,1,
510106197908170120,模拟用户120,433,0,0,0,105468,0,0,2,garbage
510106197901280121,模拟用户121,802,3,8,5,476384,0,0,1,
510106198908050122,模拟用户122,334,2,7,1,102552,0,0,2,
510106200306210123,模拟用户123,520,1,1,7,463570,0,0,1,
510106197111110124,模拟用户124,780,1,1,1,155371,0,0,1,
510106198003150125,模拟用户125,369,2,2,6,345578,0,0,1,
510106199207160126,模拟用户126,899,3,8,3,442846,0,0,1,garbage
510106200011220127,模拟用户127,571,1,6,6,270131,0,0,3,
510106198508040128,模拟用户128,824,3,4,6,335468,0,0,4,
510106197308250129,模拟用户129,566,3,3,7,273916,0,0,1,
510106197203270130,模拟用户130,372,2,7,3,420993,0,0,3,
510106199802260131,模拟用户131,450,2,7,7,248004,0,0,4,
510106198805050132,模拟用户132,429,1,1,3,358009,0,0,2,
510106198712100133,模拟用户133,893,3,4,2,146259,0,0,4,
510106199105060134,模拟用户134,617,0,5,5,493891,0,0,3,
510106197005090135,模拟用户135,818,1,6,6,229336,0,0,2,
510106198110140136,模拟用户136,572,0,5,7,212489,0,0,4,garbage
510106200301140137,模拟用户137,584,3,8,3,390992,0,0,3,
510106199511090138,模拟用户138,374,3,3,3,416690,0,0,4,
510106199509150139,模拟用户139,627,3,8,4,52335,0,0,1,
510106199108110140,模拟用户140,499,0,5,7,437282,0,0,4,
510106198610040141,模拟用户141,763,3,8,2,413867,0,0,2,
510106197008170142,模拟用户142,874,0,5,7,22504,0,0,1,
510106200404150143,模拟用户143,745,1,6,2,171277,0,0,3,
510106199110280144,模拟用户144,797,3,4,6,366862,0,0,3,
510106199208020145,模拟用户145,660,1,1,7,218599,0,0,2,
510106199511240146,模拟用户146,381,1,1,7,136668,0,0,4,
510106197603150147,模拟用户147,656,0,0,6,142429,0,0,2,
510106199211150148,模拟用户148,605,2,2,0,140202,0,0,2,
510106198710060149,模拟用户149,781,3,8,3,29670,0,0,4,
510106200403150150,模拟用户150,787,2,2,0,66985,0,0,4,
510106199407050151,模拟用户151,577,1,6,0,176284,0,0,2,garbage
510106199710070152,模拟用户152,396,3,8,7,367747,0,0,3,
510106198607220153,模拟用户153,404,1,1,5,499387,0,0,2,
510106199512250154,模拟用户154,312,1,1,5,232117,1,1,1,
510106198604250155,模拟用户155,481,3,3,5,234337,0,0,4,garbage
510106197310030156,模拟用户156,595,0,5,1,126457,0,0,4,
510106198704150157,模拟用户157,773,0,5,3,325038,0,0,3,
510106199102150158,模拟用户158,710,3,8,4,343104,0,0,4,
510106197708170159,模拟用户159,873,0,5,1,109779,0,0,1,
510106198810090160,模拟用户160,572,1,1,7,289238,0,0,2,
510106197504260161,模拟用户161,868,2,2,6,24354,0,0,1,
510106200311240162,模拟用户162,478,2,2,6,375572,0,0,1,
510106197505250163,模拟用户163,364,3,3,7,104127,0,0,3,
510106200205220164,模拟用户164,626,3,3,5,432941,0,0,3,
510106199006060165,模拟用户165,733,2,2,6,469643,0,0,4,
510106197311240166,模拟用户166,800,3,3,3,162002,0,1,3,
510106197807030167,模拟用户167,690,3,3,5,138009,0,0,3,
510106200008050168,模拟用户168,429,1,1,1,171616,0,0,2,
510106199306020169,模拟用户169,878,0,0,2,374368,0,0,3,
510106198912110170,模拟用户170,893,3,4,4,49768,0,0,2,
510106197306220171,模拟用户171,389,1,6,2,242580,0,0,3,
510106199908060172,模拟用户172,355,1,1,3,143933,0,0,2,
510106197111080173,模拟用户173,591,2,7,1,92172,0,0,4,
510106199503130174,模拟用户174,373,3,3,5,182447,0,0,1,
510106197406260175,模拟用户175,419,0,0,4,135895,1,1,1,
510106197303200176,模拟用户176,636,1,1,1,416561,0,0,1,
510106200204170177,模拟用户177,451,3,4,6,115600,0,0,1,
510106198101260178,模拟用户178,313,1,6,2,154961,0,0,3,
510106198306050179,模拟用户179,454,0,0,6,289014,0,0,1,
510106198004130180,模拟用户180,391,1,6,2,169439,0,0,2,
510106197201060181,模拟用户181,887,0,5,7,224062,0,0,2,garbage
510106197905230182,模拟用户182,345,3,3,3,225687,0,1,2,
510106197912020183,模拟用户183,741,3,8,4,209755,0,0,3,
510106198208020184,模拟用户184,389,2,2,2,315929,1,1,3,
510106198901050185,模拟用户185,758,2,2,6,258667,0,0,1,
510106197801090186,模拟用户186,581,3,8,7,229167,0,0,1,
510106198008060187,模拟用户187,636,2,2,6,293459,0,0,3,
510106200401050188,模拟用户188,377,3,4,2,339499,0,0,2,
510106198305240189,模拟用户189,422,1,6,4,347186,0,0,3,
510106198009020190,模拟用户190,864,3,4,2,279343,0,0,3,
510106198103030191,模拟用户191,834,3,3,3,377864,0,1,1,
510106197008220192,模拟用户192,566,1,1,5,34409,0,0,3,garbage
510106199808110193,模拟用户193,663,3,4,6,396456,0,0,3,
510106198312030194,模拟用户194,815,2,7,5,123745,0,0,4,
510106199005050195,模拟用户195,311,3,4,4,181089,0,0,3,
510106198811140196,模拟用户196,301,3,8,1,394890,0,0,1,
510106199504250197,模拟用户197,776,3,8,3,403708,0,0,1,
510106199402080198,模拟用户198,319,0,5,5,225414,0,0,2,
510106197707080199,模拟用户199,385,0,5,5,15734,0,0,2,
510106198303060200,模拟用户200,565,3,8,1,466836,0,0,2,
510106200207150201,模拟用户201,742,3,8,4,133851,0,0,4,
510106200209170202,模拟用户202,409,0,5,5,276393,0,0,3,
510106200207020203,模拟用户203,531,3,3,7,144615,0,1,3,
510106198305080204,模拟用户204,895,0,0,6,422769,0,0,4,
510106197506030205,模拟用户205,608,3,3,7,434352,0,0,4,
510106197603080206,模拟用户206,341,2,2,4,357092,0,0,2,
510106198401200207,模拟用户207,845,3,8,6,165767,0,0,2,
510106199907270208,模拟用户208,558,3,8,1,60282,0,0,2,
510106199806250209,模拟用户209,557,2,2,6,307481,1,1,3,
510106200205270210,模拟用户210,628,1,1,7,5636,0,0,1,
510106200204220211,模拟用户211,661,0,0,2,103463,0,0,4,
510106197110050212,模拟用户212,876,0,0,6,499307,0,0,1,garbage
510106197901220213,模拟用户213,760,3,8,4,187535,0,0,1,
510106198204130214,模拟用户214,656,2,2,4,499208,0,0,2,
510106199304240215,模拟用户215,781,0,5,7,359014,0,0,2,
510106198408050216,模拟用户216,480,1,6,2,11831,0,0,3,
510106199804120217,模拟用户217,698,2,2,2,299189,0,0,4,
510106197111190218,模拟用户218,580,3,4,2,3681,0,0,1,
510106199511270219,模拟用户219,809,2,2,4,270561,0,0,1,
510106197404110220,模拟用户220,635,3,8,5,11332,0,0,4,
510106197908060221,模拟用户221,550,3,8,4,237474,0,0,1,
510106197508230222,模拟用户222,431,0,5,5,373704,0,0,1,
510106199511120223,模拟用户223,681,3,8,1,353330,0,0,1,
510106199508180224,模拟用户224,666,3,4,6,146895,0,0,1,
510106199401150225,模拟用户225,802,0,5,7,287307,0,0,3,
510106198112040226,模拟用户226,383,1,1,7,440847,0,0,2,
510106197305240227,模拟用户227,713,1,6,6,184381,0,0,3,
510106197710170228,模拟用户228,416,0,0,0,451105,0,0,4,
510106199710090229,模拟用户229,530,3,4,6,121225,0,0,4,
510106199808090230,模拟用户230,492,3,8,5,372454,0,0,1,
510106199111230231,模拟用户231,873,2,2,0,30373,0,0,1,
510106197005210232,模拟用户232,520,2,2,2,495395,0,0,2,
510106199504220233,模拟用户233,518,1,1,7,118910,0,0,4,
510106199209010234,模拟用户234,455,3,4,4,345876,0,0,1,
510106198405150235,模拟用户235,492,3,4,4,217364,0,0,1,
510106197805090236,模拟用户236,735,3,8,4,225121,0,0,3,
510106197904250237,模拟用户237,796,1,6,6,344912,0,0,3,
510106199509030238,模拟用户238,341,3,8,3,493896,0,0,3,
510106199410110239,模拟用户239,722,1,6,4,140021,0,0,4,
510106197107180240,模拟用户240,503,2,2,2,387356,0,0,2,
510106199602270241,模拟用户241,356,2,2,6,111825,1,1,3,
510106198611270242,模拟用户242,587,3,8,4,178446,0,0,3,
510106199309070243,模拟用户243,664,0,5,3,36160,0,0,2,
510106197505240244,模拟用户244,445,3,3,7,121361,0,0,2,
510106200201110245,模拟用户245,461,2,2,2,181649,0,0,1,
510106199110280246,模拟用户246,554,2,2,0,250449,0,0,4,garbage
510106199001070247,模拟用户247,708,3,4,6,477377,0,0,3,
510106198604090248,模拟用户248,610,2,2,6,245847,1,1,3,
510106198906220249,模拟用户249,477,2,7,5,268667,0,0,2,
510106199708170250,模拟用户250,626,3,8,7,105723,0,0,2,
510106197601130251,模拟用户251,344,2,7,7,139133,0,0,2,
510106199907190252,模拟用户252,715,2,7,1,477397,0,0,1,
510106198801130253,模拟用户253,675,1,1,1,380041,0,0,2,
510106199808190254,模拟用户254,576,2,2,2,69123,0,0,4,
510106198701140255,模拟用户255,609,1,1,7,285291,0,0,2,
510106197106280256,模拟用户256,540,0,0,4,116712,0,0,2,
510106199906190257,模拟用户257,773,3,4,4,386154,0,0,2,garbage
510106197301080258,模拟用户258,850,1,6,4,371380,0,0,1,
510106199807070259,模拟用户259,635,3,4,6,380791,0,0,3,
510106197210100260,模拟用户260,415,1,6,2,77511,0,0,2,
510106198802280261,模拟用户261,715,3,3,5,461537,0,0,3,garbage
510106200207230262,模拟用户262,694,1,1,3,54362,0,0,2,
510106199702070263,模拟用户263,668,2,7,7,24624,0,0,3,
510106199808010264,模拟用户264,465,3,4,4,407332,0,0,3,
510106197208230265,模拟用户265,315,0,0,0,32930,0,0,1,
510106197706250266,模拟用户266,674,3,8,4,248550,0,0,2,
510106197203010267,模拟用户267,427,3,3,7,164404,0,0,4,garbage
510106199708020268,模拟用户268,523,0,0,6,328030,0,0,2,
510106200408140269,模拟用户269,302,0,0,2,196106,0,0,3,
510106200108140270,模拟用户270,401,3,4,0,441507,0,1,1,
510106198504200271,模拟用户271,711,3,4,6,323864,0,0,3,
510106199007160272,模拟用户272,425,0,5,5,205380,0,0,2,
510106198707100273,模拟用户273,801,3,8,0,413166,0,0,2,
510106197601230274,模拟用户274,645,3,4,0,375833,0,0,3,
510106199003160275,模拟用户275,558,2,7,1,365406,0,0,1,
510106198804280276,模拟用户276,389,3,8,3,86373,0,0,1,
510106198702010277,模拟用户277,785,3,8,6,471410,0,0,4,
510106197404110278,模拟用户278,330,0,0,0,311900,1,1,2,
510106197103230279,模拟用户279,383,3,4,0,181062,0,0,4,
510106198104050280,模拟用户280,458,0,0,0,441848,1,1,4,
510106199909020281,模拟用户281,519,3,8,6,222428,0,0,4,
510106200404260282,模拟用户282,836,1,1,5,369792,0,0,1,
510106199112240283,模拟用户283,305,3,8,5,164404,0,0,3,
510106198610240284,模拟用户284,703,2,2,6,9583,0,0,3,
510106199201180285,模拟用户285,777,1,1,7,466690,0,0,4,
510106198609080286,模拟用户286,835,1,1,7,50711,0,0,4,
510106197109070287,模拟用户287,506,2,7,7,243466,0,0,4,
510106197806220288,模拟用户288,693,2,2,4,189921,0,0,3,
510106197310260289,模拟用户289,558,3,8,3,362544,0,0,3,garbage
510106199802230290,模拟用户290,754,3,3,3,10737,0,1,1,
510106198006180291,模拟用户291,846,0,5,5,296952,0,0,3,
510106199010040292,模拟用户292,606,3,4,0,1132,0,0,4,garbage
510106200301050293,模拟用户293,480,0,5,1,443855,0,0,1,
510106199406260294,模拟用户294,858,1,1,1,336473,0,0,3,
510106198107210295,模拟用户295,860,2,2,6,22259,0,0,3,
510106199105270296,模拟用户296,813,3,8,0,256210,0,0,4,
510106200006270297,模拟用户297,311,3,4,2,191824,0,0,3,garbage
510106200312130298,模拟用户298,661,0,5,5,127904,0,0,2,
510106197610130299,模拟用户299,413,3,4,6,203141,0,0,1,
510106198610210300,模拟用户300,740,3,3,3,322790,0,0,2,
510106199710140301,模拟用户301,728,1,6,0,31673,0,0,1,
510106197112220302,模拟用户302,761,3,8,4,443443,0,0,4,
510106197003210303,模拟用户303,856,3,8,7,140319,0,0,4,
510106199505110304,模拟用户304,552,2,7,7,78209,0,0,3,garbage
510106198004170305,模拟用户305,610,3,4,0,423553,0,1,3,
510106200406020306,模拟用户306,880,3,8,7,375595,0,0,1,
510106199306220307,模拟用户307,370,2,2,2,40502,0,0,1,
510106197408010308,模拟用户308,487,3,8,3,43723,0,0,3,
510106198903030309,模拟用户309,896,3,4,6,492467,0,0,2,
510106198611130310,模拟用户310,680,3,3,3,75361,0,0,4,
510106200309260311,模拟用户311,627,3,8,2,258970,0,0,3,
510106197105090312,模拟用户312,466,1,1,7,40736,0,0,3,
510106197808170313,模拟用户313,823,3,3,7,432859,0,0,1,
510106197009110314,模拟用户314,711,3,8,3,375574,0,0,1,
510106199407030315,模拟用户315,850,2,2,2,419503,0,0,1,
510106197202050316,模拟用户316,405,3,8,3,231322,0,0,1,
510106199906020317,模拟用户317,485,3,8,3,342165,0,0,4,
510106198103050318,模拟用户318,862,2,2,2,381382,0,0,1,
510106198610250319,模拟用户319,550,3,8,0,166963,0,0,3,
510106198108190320,模拟用户320,430,2,2,6,269754,0,0,1,
510106197705170321,模拟用户321,628,1,1,5,348292,0,0,4,garbage
510106199205220322,模拟用户322,874,1,1,7,57676,0,0,4,
510106198506080323,模拟用户323,655,0,5,5,193709,0,0,4,garbage
510106199402250324,模拟用户324,491,3,4,0,249495,0,0,3,
510106198111260325,模拟用户325,494,2,7,1,339711,0,0,3,
510106199510160326,模拟用户326,692,3,8,3,488596,0,0,2,
510106197601230327,模拟用户327,855,3,8,2,306604,0,0,4,
510106199505220328,模拟用户328,547,0,0,0,150685,0,0,1,
510106197605070329,模拟用户329,722,3,3,5,170203,0,0,2,
510106197803160330,模拟用户330,301,0,5,7,110100,0,0,1,
510106197702270331,模拟用户331,337,0,5,7,402968,0,0,2,
510106199202200332,模拟用户332,812,2,7,5,344076,0,0,1,
510106200402270333,模拟用户333,560,0,0,0,107724,0,0,4,garbage
510106198608030334,模拟用户334,368,1,6,4,247541,0,0,4,
510106200303050335,模拟用户335,850,3,8,7,276735,0,0,1,
510106199507230336,模拟用户336,683,3,3,3,60091,0,0,1,
510106198408170337,模拟用户337,468,1,1,1,13265,0,0,2,
510106197306250338,模拟用户338,827,1,1,5,131025,0,0,1,
510106198202010339,模拟用户339,700,2,2,4,158698,0,0,4,
510106198510120340,模拟用户340,739,2,7,7,473533,0,0,1,garbage
510106197107030341,模拟用户341,316,2,2,4,94533,0,0,4,
510106200311230342,模拟用户342,501,3,4,2,278026,0,0,1,
510106198202030343,模拟用户343,571,3,3,5,337935,0,0,1,
510106199801210344,模拟用户344,587,3,3,3,4055,0,0,1,
510106198508120345,模拟用户345,558,0,0,6,340070,0,0,2,
510106197909070346,模拟用户346,536,3,3,7,327565,0,0,3,
510106198905010347,模拟用户347,614,1,1,5,180109,0,0,4,garbage
510106199901030348,模拟用户348,801,3,8,4,293151,0,0,1,
510106198308180349,模拟用户349,526,3,4,0,268137,0,0,4,
510106197302050350,模拟用户350,732,2,7,5,78422,0,0,3,
510106199401210351,模拟用户351,840,3,3,1,391065,0,0,4,
510106198409150352,模拟用户352,465,3,4,6,292441,0,0,2,
510106199304120353,模拟用户353,528,3,8,7,146429,0,0,3,garbage
510106197507240354,模拟用户354,759,2,2,6,238502,0,0,1,
510106199311130355,模拟用户355,314,3,3,5,83029,0,0,4,
510106200309070356,模拟用户356,368,2,7,7,254797,0,0,3,
510106197311080357,模拟用户357,542,0,0,6,59946,0,0,3,
510106198906210358,模拟用户358,698,2,7,1,366047,0,0,2,
510106197911020359,模拟用户359,625,0,5,3,27909,0,0,4,
510106199509170360,模拟用户360,346,0,5,5,385781,0,0,4,garbage
510106197208060361,模拟用户361,679,0,5,7,370644,0,0,3,garbage
510106197405220362,模拟用户362,678,1,1,3,166353,0,0,2,
510106199201090363,模拟用户363,774,1,6,4,426976,0,0,3,
510106200404260364,模拟用户364,306,3,3,1,186278,0,0,1,garbage
510106200402180365,模拟用户365,789,1,6,2,437359,0,0,1,
510106198608030366,模拟用户366,666,1,6,6,22419,0,0,4,
510106200103060367,模拟用户367,754,0,5,7,364946,0,0,2,
510106198208150368,模拟用户368,533,3,8,4,327275,0,0,3,
510106199409040369,模拟用户369,623,3,3,1,325374,0,0,2,
510106198305020370,模拟用户370,638,3,3,5,104292,0,0,2,
510106198009240371,模拟用户371,520,2,2,4,119496,0,0,4,
510106197211280372,模拟用户372,743,0,5,3,449541,0,0,4,
510106199809030373,模拟用户373,588,3,4,0,340752,0,1,1,
510106199402120374,模拟用户374,498,1,6,6,241235,0,0,2,
510106197808250375,模拟用户375,601,0,0,6,321199,0,0,1,
510106197411270376,模拟用户376,720,2,2,4,132903,0,0,1,
510106200308280377,模拟用户377,607,2,7,1,207580,0,0,1,
510106198406080378,模拟用户378,496,1,1,7,261879,0,0,4,
510106197410180379,模拟用户379,691,0,5,5,262512,0,0,2,
510106197505280380,模拟用户380,516,1,1,7,200867,0,0,3,
510106198212050381,模拟用户381,355,0,5,1,187644,0,0,4,
510106198201180382,模拟用户382,379,1,1,5,296412,0,0,1,
510106200103260383,模拟用户383,866,2,2,2,27197,0,0,2,
510106197208080384,模拟用户384,644,3,4,2,45712,0,0,2,
510106200308270385,模拟用户385,575,3,3,5,407908,0,0,4,
510106198201060386,模拟用户386,384,3,8,3,464761,0,0,4,
510106199303160387,模拟用户387,346,3,3,5,369061,0,0,3,
510106199701270388,模拟用户388,691,0,0,4,166490,1,1,4,
510106198211130389,模拟用户389,661,1,6,2,90365,0,0,4,
510106199405100390,模拟用户390,465,0,5,3,232284,0,0,4,
510106199606280391,模拟用户391,884,2,7,1,248495,0,0,3,garbage
510106197605110392,模拟用户392,726,3,3,5,180449,0,0,2,garbage
510106200007100393,模拟用户393,691,3,8,0,379635,0,0,1,
510106197911210394,模拟用户394,432,3,8,2,331065,0,0,2,
510106199907180395,模拟用户395,633,2,2,6,39601,1,1,1,
510106197112070396,模拟用户396,541,1,1,5,194672,0,0,3,
510106197111170397,模拟用户397,511,3,3,1,394283,0,0,3,
510106198608020398,模拟用户398,344,3,4,6,496058,0,0,3,
510106199303160399,模拟用户399,678,2,2,2,421153,0,0,4,
510106197503070400,模拟用户400,851,3,4,0,305745,0,0,3,
510106197909020401,模拟用户401,539,3,4,4,275375,0,0,1,
510106199712150402,模拟用户402,428,3,8,5,420628,0,0,1,
510106199905220403,模拟用户403,508,3,8,7,476102,0,0,4,
510106197304040404,模拟用户404,519,3,8,5,99862,0,0,4,
510106197311170405,模拟用户405,754,1,1,5,187934,1,1,3,
510106198106170406,模拟用户406,328,2,2,2,42406,0,0,4,
510106197906010407,模拟用户407,376,3,4,2,257320,0,0,2,garbage
510106199110240408,模拟用户408,625,3,4,2,442726,0,0,2,
510106198702140409,模拟用户409,872,3,3,5,65480,0,0,3,
510106199812040410,模拟用户410,391,3,8,5,121280,0,0,3,
510106200404120411,模拟用户411,774,1,1,5,61293,0,0,1,
510106197611010412,模拟用户412,813,3,8,4,241540,0,0,1,
510106197503110413,模拟用户413,767,2,2,4,476215,0,0,4,
510106199210020414,模拟用户414,819,0,5,3,10514,0,0,4,
510106200304170415,模拟用户415,857,2,2,4,108684,0,0,3,
510106200409070416,模拟用户416,451,0,0,2,127602,0,0,2,
510106198407110417,模拟用户417,640,2,7,5,264019,0,0,2,
510106200102150418,模拟用户418,753,2,7,3,310219,0,0,2,
510106198304220419,模拟用户419,433,0,5,7,123313,0,0,1,
510106198011030420,模拟用户420,475,0,0,2,376053,0,0,2,
510106198612240421,模拟用户421,567,3,4,6,279078,0,0,3,garbage
510106199705150422,模拟用户422,724,3,8,2,464535,0,0,2,
510106198505270423,模拟用户423,714,3,8,6,181303,0,0,4,
510106198906190424,模拟用户424,356,3,3,5,120902,0,0,4,
510106197403270425,模拟用户425,342,1,6,6,47013,0,0,2,
510106197010280426,模拟用户426,512,3,3,3,395412,0,0,2,
510106198402030427,模拟用户427,585,1,6,2,365837,0,0,4,
510106199408120428,模拟用户428,737,3,8,5,488783,0,0,3,
510106198712160429,模拟用户429,840,1,6,4,48825,0,0,1,
510106199608280430,模拟用户430,486,3,8,2,430795,0,0,3,
510106199401210431,模拟用户431,405,3,4,0,197277,0,1,3,
510106197711140432,模拟用户432,409,0,5,1,481864,0,0,4,
510106197603120433,模拟用户433,404,2,7,3,60107,0,0,2,
510106199312260434,模拟用户434,538,3,8,4,252356,0,0,3,
510106197204140435,模拟用户435,636,1,6,0,338493,0,0,3,
510106198409140436,模拟用户436,662,1,1,7,490391,0,0,1,
510106197601120437,模拟用户437,475,3,8,1,361938,0,0,3,garbage
510106198904090438,模拟用户438,896,2,7,1,165486,0,0,2,
510106199106210439,模拟用户439,514,3,3,1,367510,0,0,2,garbage
510106197108080440,模拟用户440,308,2,7,5,184544,0,0,3,
510106198001080441,模拟用户441,648,3,8,5,411811,0,0,2,
510106199002180442,模拟用户442,327,0,5,3,249301,0,0,2,
510106200006110443,模拟用户443,821,3,4,2,149457,0,0,3,
510106199401280444,模拟用户444,437,0,5,3,225825,0,0,2,
510106197711220445,模拟用户445,364,3,4,4,438863,0,0,4,
510106199309170446,模拟用户446,398,1,6,6,407022,0,0,1,
510106198109140447,模拟用户447,841,3,4,6,52243,0,0,4,garbage
510106200106220448,模拟用户448,686,3,3,7,203990,0,0,2,
510106199704010449,模拟用户449,429,0,0,6,191375,0,0,4,
510106197908180450,模拟用户450,352,0,0,6,429385,0,0,2,
510106200202010451,模拟用户451,477,2,7,5,349337,0,0,2,
510106200209130452,模拟用户452,744,1,6,0,420547,0,0,1,
510106199901130453,模拟用户453,776,3,8,2,187805,0,0,3,
510106199506070454,模拟用户454,644,2,2,4,155049,0,0,1,
510106197106070455,模拟用户455,443,3,8,6,255564,0,0,1,
510106199510180456,模拟用户456,596,1,6,6,281695,0,0,1,
510106198402100457,模拟用户457,629,1,1,5,141154,0,0,2,
510106198003270458,模拟用户458,749,0,5,1,14274,0,0,2,
510106197509060459,模拟用户459,403,1,1,1,486527,0,0,3,
510106197807090460,模拟用户460,522,2,2,6,50411,0,0,2,
510106198108080461,模拟用户461,438,1,1,5,74804,0,0,3,
510106199704150462,模拟用户462,393,0,5,5,9967,0,0,4,
510106197611200463,模拟用户463,680,0,0,2,455755,0,0,2,
510106198504060464,模拟用户464,850,0,5,7,396562,0,0,1,
510106199110030465,模拟用户465,877,1,6,4,457420,0,0,1,
510106198311180466,模拟用户466,844,1,6,4,122013,0,0,2,
510106198107120467,模拟用户467,563,3,8,1,9852,0,0,4,
510106198209130468,模拟用户468,860,1,1,3,263456,0,0,3,
510106198807140469,模拟用户469,762,1,1,7,331763,0,0,2,
510106197707210470,模拟用户470,886,3,8,2,12213,0,0,2,
510106200103120471,模拟用户471,857,0,5,3,179000,0,0,1,
510106198706180472,模拟用户472,475,2,7,5,27328,0,0,2,
510106198806050473,模拟用户473,660,3,3,5,303113,0,0,3,
510106200108090474,模拟用户474,432,0,5,5,243768,0,0,1,
510106197212100475,模拟用户475,831,0,0,6,69672,0,0,3,
510106200406150476,模拟用户476,312,1,1,3,350002,0,0,1,garbage
510106200207120477,模拟用户477,692,3,4,0,238188,0,0,1,
510106199905260478,模拟用户478,821,1,1,7,108541,0,0,4,garbage
510106199304050479,模拟用户479,528,3,8,3,155915,0,0,1,garbage
510106197312120480,模拟用户480,388,3,8,2,406879,0,0,1,
510106198912240481,模拟用户481,782,1,1,3,381448,0,0,2,
510106200109040482,模拟用户482,644,2,2,2,394411,1,1,3,
510106200304020483,模拟用户483,582,3,8,7,63190,0,0,4,
510106198402040484,模拟用户484,620,3,4,4,294768,0,0,4,
510106197507100485,模拟用户485,493,0,0,4,205463,0,0,3,
510106198103130486,模拟用户486,884,3,3,3,186944,0,0,1,
510106198708210487,模拟用户487,881,0,0,6,451636,0,0,4,
510106198401030488,模拟用户488,565,2,2,4,348412,0,0,3,
510106199508040489,模拟用户489,762,1,1,3,340068,0,0,1,
510106199907100490,模拟用户490,391,2,7,5,192828,0,0,3,
510106198302230491,模拟用户491,827,3,8,2,275000,0,0,2,
510106197406130492,模拟用户492,329,3,8,0,490783,0,0,1,garbage
510106198308070493,模拟用户493,568,2,2,0,322338,0,0,4,garbage
510106199404020494,模拟用户494,462,1,6,2,176637,0,0,3,
510106197501270495,模拟用户495,417,3,4,4,27213,0,1,2,
510106199409280496,模拟用户496,767,3,8,4,189977,0,0,3,
510106197103050497,模拟用户497,608,0,0,2,5829,0,0,1,
510106197401080498,模拟用户498,421,1,1,1,449049,0,0,4,
510106198108040499,模拟用户499,572,3,3,7,445420,0,0,3,
510106199211100500,模拟用户500,388,3,8,4,389913,0,0,2,
510106197206140501,模拟用户501,539,3,3,5,52726,0,0,3,
510106198510100502,模拟用户502,638,3,3,3,80857,0,1,1,
510106198109010503,模拟用户503,560,2,7,3,248018,0,0,2,
510106197404080504,模拟用户504,408,3,8,2,494117,0,0,1,
510106198101250505,模拟用户505,626,1,6,4,131832,0,0,2,
510106198912250506,模拟用户506,345,3,8,7,261674,0,0,1,
510106198105170507,模拟用户507,741,3,4,4,406529,0,1,3,
510106199706120508,模拟用户508,464,3,4,0,22694,0,0,1,garbage
510106198902140509,模拟用户509,605,1,1,5,455753,1,1,3,
510106197109050510,模拟用户510,440,3,3,3,412106,0,0,1,
510106198910010511,模拟用户511,730,3,8,2,233913,0,0,2,
510106200406050512,模拟用户512,359,3,8,0,243950,0,0,1,
510106197401170513,模拟用户513,457,3,3,5,267311,0,0,1,garbage
510106198312100514,模拟用户514,748,1,6,0,295583,0,0,3,
510106198905180515,模拟用户515,444,2,2,2,201123,0,0,4,
510106199311110516,模拟用户516,356,0,5,7,213968,0,0,3,
510106200309180517,模拟用户517,546,3,8,2,205591,0,0,1,garbage
510106199809070518,模拟用户518,503,3,8,6,357851,0,0,1,
510106200008150519,模拟用户519,311,1,6,6,200940,0,0,1,
510106199212060520,模拟用户520,772,3,8,1,208851,0,0,3,
510106198907130521,模拟用户521,785,0,0,2,427562,0,0,1,
510106198502100522,模拟用户522,635,1,1,1,282488,0,0,1,
510106197702210523,模拟用户523,869,1,1,1,477632,0,0,2,
510106197007080524,模拟用户524,896,1,1,7,90570,0,0,4,
510106199806050525,模拟用户525,636,1,1,3,383170,0,0,1,
510106199102010526,模拟用户526,872,0,0,2,253105,0,0,2,
510106199511100527,模拟用户527,690,1,6,4,363114,0,0,2,
510106199902180528,模拟用户528,322,1,6,4,129789,0,0,4,garbage
510106198610080529,模拟用户529,482,1,6,0,183206,0,0,4,
510106198111080530,模拟用户530,832,0,0,0,271530,0,0,4,
510106199404010531,模拟用户531,367,3,4,4,14260,0,0,3,
510106197003160532,模拟用户532,885,2,7,3,476182,0,0,1,
510106198305160533,模拟用户533,791,3,8,0,302146,0,0,1,
510106197409260534,模拟用户534,687,0,0,0,301041,0,0,3,
510106199702180535,模拟用户535,751,3,8,6,269482,0,0,3,
510106197509010536,模拟用户536,840,1,1,7,383426,0,0,3,
510106199409210537,模拟用户537,441,3,8,4,241504,0,0,3,
510106198209110538,模拟用户538,624,0,0,4,113694,1,1,1,
510106197302060539,模拟用户539,373,0,0,0,361858,0,0,1,
510106197306190540,模拟用户540,547,1,6,6,147522,0,0,2,
510106197502180541,模拟用户541,611,2,7,1,343136,0,0,4,
510106198209230542,模拟用户542,420,0,5,3,239073,0,0,3,
510106198811010543,模拟用户543,460,3,4,0,59155,0,0,3,
510106199306070544,模拟用户544,361,2,2,2,323595,1,1,4,
510106199405150545,模拟用户545,405,1,6,2,427479,0,0,2,
510106197012260546,模拟用户546,756,0,5,1,101999,0,0,2,
510106197605190547,模拟用户547,811,0,5,1,289151,0,0,1,
510106199809010548,模拟用户548,557,3,4,2,261139,0,0,2,
510106200101030549,模拟用户549,785,1,6,6,340354,0,0,4,
510106199511030550,模拟用户550,720,2,2,6,407962,0,0,4,
510106197710020551,模拟用户551,336,0,0,2,295966,0,0,4,
510106197803210552,模拟用户552,641,3,8,2,439923,0,0,2,
510106199508160553,模拟用户553,726,0,5,1,82016,0,0,1,
510106197106280554,模拟用户554,307,3,8,6,316448,0,0,3,
510106199810250555,模拟用户555,638,2,2,6,262530,0,0,3,
510106198105020556,模拟用户556,394,2,2,4,484497,0,0,4,
510106198412040557,模拟用户557,736,1,6,2,433813,0,0,4,garbage
510106198411160558,模拟用户558,644,0,0,6,288516,0,0,1,
510106199206140559,模拟用户559,739,3,4,2,20968,0,0,3,
510106199007110560,模拟用户560,355,3,3,3,329794,0,0,3,
510106198505280561,模拟用户561,865,3,3,1,456524,0,0,1,
510106198409040562,模拟用户562,860,3,3,1,47361,0,0,2,
510106198003150563,模拟用户563,764,2,7,3,277876,0,0,3,
510106197305130564,模拟用户564,368,2,7,7,339205,0,0,2,
510106199103020565,模拟用户565,506,3,3,1,209,0,0,3,garbage
510106198304160566,模拟用户566,376,0,0,6,267751,0,0,3,
510106199612030567,模拟用户567,841,3,8,5,138570,0,0,4,
510106197710040568,模拟用户568,446,3,3,5,348302,0,0,1,
510106199902020569,模拟用户569,780,3,8,1,434848,0,0,3,
510106198204260570,模拟用户570,638,2,7,7,116189,0,0,2,
510106199411070571,模拟用户571,464,3,8,1,291909,0,0,1,
510106200012100572,模拟用户572,318,1,1,3,73631,0,0,4,
510106198207240573,模拟用户573,886,1,6,4,177586,0,0,4,
510106198904220574,模拟用户574,635,1,6,6,282068,0,0,4,
510106197606010575,模拟用户575,784,3,4,6,307422,0,0,1,
510106198207220576,模拟用户576,791,2,2,0,78784,0,0,4,
510106199006280577,模拟用户577,716,3,8,1,309717,0,0,4,
510106197810090578,模拟用户578,487,3,8,2,287248,0,0,1,
510106198410240579,模拟用户579,840,0,0,4,369436,0,0,2,
510106197708160580,模拟用户580,440,3,3,7,111301,0,0,4,
510106199511050581,模拟用户581,510,2,7,5,425212,0,0,1,
510106197302240582,模拟用户582,814,3,8,7,188392,0,0,3,
510106198804280583,模拟用户583,780,3,4,2,93608,0,0,1,garbage
510106197909180584,模拟用户584,647,2,7,3,180378,0,0,1,
510106198804100585,模拟用户585,524,3,3,7,356382,0,0,1,garbage
510106200207180586,模拟用户586,406,3,8,5,398049,0,0,1,
510106197401030587,模拟用户587,846,3,8,4,109688,0,0,4,
510106200301230588,模拟用户588,801,3,3,3,357054,0,1,2,
510106199001220589,模拟用户589,617,1,6,4,54796,0,0,3,
510106198403280590,模拟用户590,690,3,3,3,31017,0,0,4,
510106197611100591,模拟用户591,533,3,3,1,304359,0,0,2,
510106197809250592,模拟用户592,727,0,5,1,66267,0,0,4,
510106197103070593,模拟用户593,563,1,1,5,499752,0,0,3,
510106199002030594,模拟用户594,303,0,0,6,412549,0,0,1,
510106198007240595,模拟用户595,842,1,6,2,371087,0,0,4,
510106198804260596,模拟用户596,462,1,1,3,55797,0,0,2,
510106200107130597,模拟用户597,832,2,2,4,498665,0,0,3,garbage
510106200204030598,模拟用户598,899,1,1,7,219739,0,0,3,
510106197808010599,模拟用户599,860,3,4,0,210774,0,1,3,
510106197509070600,模拟用户600,350,2,2,6,177218,0,0,3,
510106197301280601,模拟用户601,441,3,4,6,165334,0,0,1,
510106197112050602,模拟用户602,504,0,5,3,74191,0,0,2,
510106199605080603,模拟用户603,796,3,3,7,285356,0,0,3,garbage
510106197702030604,模拟用户604,762,0,5,7,418434,0,0,4,
510106197206060605,模拟用户605,489,2,7,3,489180,0,0,4,
510106197107120606,模拟用户606,809,1,6,0,345753,0,0,1,garbage
510106197106170607,模拟用户607,598,2,7,3,411512,0,0,1,
510106200402230608,模拟用户608,520,1,1,1,301466,1,1,1,
510106199904080609,模拟用户609,563,1,1,3,393876,0,0,1,
510106199112260610,模拟用户610,635,1,6,6,140118,0,0,2,
510106197409230611,模拟用户611,520,3,8,4,102391,0,0,4,
510106198510250612,模拟用户612,387,0,5,3,225784,0,0,3,
510106198512170613,模拟用户613,499,0,5,3,219678,0,0,2,
510106198512080614,模拟用户614,715,1,1,1,448540,0,0,2,
510106198903160615,模拟用户615,424,3,3,7,285509,0,1,2,
510106199907280616,模拟用户616,832,1,6,6,39767,0,0,3,
510106197404080617,模拟用户617,413,3,4,6,392690,0,0,3,
510106197009210618,模拟用户618,887,0,5,3,492280,0,0,3,
510106198906220619,模拟用户619,435,1,1,1,245720,1,1,4,
510106198708070620,模拟用户620,474,3,8,0,330724,0,0,3,
510106200101210621,模拟用户621,639,1,1,3,181601,0,0,2,
510106198512060622,模拟用户622,341,0,0,4,65018,0,0,4,
510106200304010623,模拟用户623,859,3,4,0,12150,0,0,2,
510106199202130624,模拟用户624,520,3,8,0,334154,0,0,1,
510106197109210625,模拟用户625,631,3,8,4,219882,0,0,3,
510106197111250626,模拟用户626,544,2,7,1,324601,0,0,2,
510106197801110627,模拟用户627,365,3,8,5,106898,0,0,3,
510106197204230628,模拟用户628,338,2,7,5,401176,0,0,4,
510106199504180629,模拟用户629,503,0,5,1,341508,0,0,1,
510106197503220630,模拟用户630,392,3,8,5,161929,0,0,2,
510106198406280631,模拟用户631,677,2,2,0,210359,0,0,3,
510106198101100632,模拟用户632,859,1,6,2,420531,0,0,2,
510106198703240633,模拟用户633,772,2,7,7,391342,0,0,3,garbage
510106199906030634,模拟用户634,879,3,8,5,168217,0,0,4,
510106198507200635,模拟用户635,307,0,0,2,371178,0,0,3,
510106198309150636,模拟用户636,392,1,1,7,488247,0,0,1,
510106199003020637,模拟用户637,615,2,2,0,25905,0,0,1,
510106199602030638,模拟用户638,715,3,8,0,413450,0,0,2,
510106198704180639,模拟用户639,645,1,6,4,278846,0,0,4,garbage
510106197909020640,模拟用户640,379,3,4,4,158731,0,0,4,
510106199406010641,模拟用户641,567,3,8,7,79164,0,0,1,
510106200001140642,模拟用户642,773,3,3,1,197865,0,0,3,
510106198506140643,模拟用户643,448,0,5,7,137980,0,0,2,
510106197203090644,模拟用户644,526,2,2,4,411249,0,0,2,
510106197509130645,模拟用户645,592,3,8,3,294786,0,0,4,
510106200308210646,模拟用户646,719,0,5,5,457519,0,0,1,
510106200304250647,模拟用户647,867,3,8,0,70283,0,0,3,
510106198404130648,模拟用户648,532,0,0,0,292021,0,0,1,
510106198112130649,模拟用户649,629,3,8,3,354398,0,0,2,garbage
510106200004180650,模拟用户650,318,2,2,4,115313,0,0,1,
510106199812060651,模拟用户651,554,2,2,0,280083,0,0,1,
510106200111020652,模拟用户652,439,0,0,2,335740,0,0,1,
510106199203190653,模拟用户653,489,3,3,5,273412,0,0,2,
510106197403020654,模拟用户654,714,1,6,2,24918,0,0,1,
510106197909020655,模拟用户655,421,3,4,4,290690,0,0,4,
510106198002240656,模拟用户656,681,0,5,7,354824,0,0,4,garbage
510106198409230657,模拟用户657,339,1,6,0,453181,0,0,1,
510106198809030658,模拟用户658,810,3,8,6,291799,0,0,1,
510106199009280659,模拟用户659,763,3,8,2,235892,0,0,4,
510106197612010660,模拟用户660,697,3,3,7,94024,0,1,2,
510106197304070661,模拟用户661,480,0,0,2,381784,0,0,4,
510106198605070662,模拟用户662,781,3,8,5,381864,0,0,2,
510106199804040663,模拟用户663,607,1,6,4,219601,0,0,2,
510106200407270664,模拟用户664,371,3,3,1,20044,0,0,1,garbage
510106199706140665,模拟用户665,491,1,1,1,463026,1,1,3,
510106197605220666,模拟用户666,411,0,5,5,31589,0,0,4,
510106197407020667,模拟用户667,469,1,1,5,412028,0,0,4,
510106199605220668,模拟用户668,864,3,3,7,331301,0,0,4,
510106198405100669,模拟用户669,607,3,3,1,19199,0,0,4,
510106199210240670,模拟用户670,325,3,4,0,488633,0,0,1,
510106197401130671,模拟用户671,310,2,7,3,44440,0,0,1,
510106199010180672,模拟用户672,774,0,0,6,159950,0,0,4,
510106199005180673,模拟用户673,343,1,6,4,406669,0,0,4,
510106200104170674,模拟用户674,476,1,1,7,179340,0,0,1,
510106200401280675,模拟用户675,307,3,3,1,428583,0,0,3,
510106198005200676,模拟用户676,530,2,7,7,39759,0,0,4,
510106199504020677,模拟用户677,703,2,2,2,331356,1,1,1,garbage
510106198708030678,模拟用户678,769,1,6,4,344087,0,0,1,
510106199804060679,模拟用户679,788,3,3,5,2419,0,0,1,garbage
510106199010130680,模拟用户680,367,2,7,3,62112,0,0,4,
510106198608090681,模拟用户681,763,1,6,2,191196,0,0,1,
510106197002280682,模拟用户682,707,3,8,4,180786,0,0,2,
510106199801100683,模拟用户683,859,1,1,1,351057,0,0,1,
510106199012110684,模拟用户684,418,3,8,4,62085,0,0,4,
510106200308270685,模拟用户685,832,3,8,4,46104,0,0,1,
510106199108170686,模拟用户686,853,3,4,2,480579,0,0,1,
510106198401280687,模拟用户687,785,1,1,1,455911,0,0,4,
510106199208130688,模拟用户688,727,3,4,6,466196,0,0,2,
510106198805120689,模拟用户689,392,3,8,0,327731,0,0,4,
510106197007050690,模拟用户690,559,3,3,1,175050,0,0,2,
510106197708250691,模拟用户691,541,2,7,3,285428,0,0,4,
510106199211010692,模拟用户692,430,3,8,3,393471,0,0,3,
510106199303240693,模拟用户693,314,3,3,7,56731,0,0,3,
510106198605200694,模拟用户694,700,1,6,6,471426,0,0,3,
510106199008260695,模拟用户695,516,3,8,5,223098,0,0,4,
510106200004110696,模拟用户696,613,2,7,5,267847,0,0,1,
510106198403070697,模拟用户697,359,3,8,7,456120,0,0,4,
510106199703110698,模拟用户698,388,1,1,7,59622,0,0,2,
510106197405220699,模拟用户699,427,3,3,3,175231,0,0,3,
510106200108100700,模拟用户700,632,3,8,5,87052,0,0,4,garbage
510106200112170701,模拟用户701,300,0,0,6,488075,0,0,2,
510106200008080702,模拟用户702,552,0,5,7,190326,0,0,2,garbage
510106199409020703,模拟用户703,574,1,6,2,221171,0,0,3,
510106198402030704,模拟用户704,386,3,8,7,264237,0,0,3,
510106197309090705,模拟用户705,878,2,7,7,274383,0,0,4,
510106199410230706,模拟用户706,319,2,7,7,355247,0,0,3,
510106197905040707,模拟用户707,400,1,1,1,330080,0,0,4,
510106198111080708,模拟用户708,373,3,8,5,441433,0,0,4,
510106197106130709,模拟用户709,532,2,7,3,441343,0,0,4,garbage
510106200112020710,模拟用户710,634,3,8,6,300455,0,0,2,
510106198010150711,模拟用户711,844,0,0,6,210084,0,0,1,
510106198608180712,模拟用户712,585,0,0,2,245259,0,0,4,
510106197809080713,模拟用户713,312,2,7,3,27209,0,0,3,
510106198312260714,模拟用户714,819,2,2,2,181026,0,0,2,
510106199402220715,模拟用户715,804,1,6,2,341954,0,0,3,
510106199904210716,模拟用户716,801,1,1,5,272667,0,0,4,
510106200103140717,模拟用户717,708,3,4,0,341926,0,1,4,
510106199003260718,模拟用户718,704,2,7,3,455244,0,0,3,
510106200107070719,模拟用户719,870,3,8,1,145931,0,0,2,
510106198109150720,模拟用户720,531,3,8,7,394461,0,0,1,
510106198705130721,模拟用户721,718,3,8,2,385887,0,0,4,
510106199008140722,模拟用户722,555,0,0,0,456303,0,0,2,
510106197607120723,模拟用户723,520,3,8,1,367847,0,0,2,
510106200111220724,模拟用户724,313,3,3,1,446247,0,0,3,
510106199111250725,模拟用户725,377,3,8,7,448032,0,0,4,
510106199112130726,模拟用户726,722,1,1,1,415813,0,0,2,
510106198702210727,模拟用户727,587,0,5,5,120288,0,0,3,
510106198404270728,模拟用户728,682,2,2,4,358220,0,0,1,
510106200003230729,模拟用户729,717,3,4,2,109249,0,0,2,garbage
510106199312130730,模拟用户730,331,2,2,4,300068,0,0,1,garbage
510106199111050731,模拟用户731,761,2,7,5,121764,0,0,2,
510106200208030732,模拟用户732,345,3,8,6,262701,0,0,4,
510106198807070733,模拟用户733,456,3,3,1,456610,0,0,3,
510106199405150734,模拟用户734,614,0,5,3,133726,0,0,1,
510106197710260735,模拟用户735,315,3,4,4,303479,0,0,3,
510106198508010736,模拟用户736,495,3,4,2,8798,0,0,1,
510106197403010737,模拟用户737,898,3,8,2,457291,0,0,3,
510106197308030738,模拟用户738,670,2,7,5,273949,0,0,2,
510106200110020739,模拟用户739,659,3,8,7,357509,0,0,1,garbage
510106199410210740,模拟用户740,540,3,8,6,401135,0,0,4,
510106199611020741,模拟用户741,386,0,0,6,216854,0,0,4,
510106198209200742,模拟用户742,874,0,5,1,312499,0,0,4,
510106199110260743,模拟用户743,762,3,8,7,186168,0,0,4,
510106198101140744,模拟用户744,432,0,5,7,235603,0,0,3,
510106198309020745,模拟用户745,465,3,8,0,486625,0,0,2,
510106198911160746,模拟用户746,826,3,8,0,108138,0,0,1,
510106200007060747,模拟用户747,795,0,5,1,428906,0,0,3,
510106198805260748,模拟用户748,831,1,6,0,45667,0,0,4,
510106197304200749,模拟用户749,885,2,2,6,412539,0,0,1,
510106197908220750,模拟用户750,875,2,2,4,276379,0,0,1,
510106200410050751,模拟用户751,357,0,0,2,394830,0,0,2,
510106199006080752,模拟用户752,796,3,3,1,424904,0,0,2,
510106199010060753,模拟用户753,868,0,0,2,124288,0,0,1,
510106197312250754,模拟用户754,350,2,2,4,280027,0,0,2,
510106198901230755,模拟用户755,361,1,1,3,80636,0,0,2,
510106197604140756,模拟用户756,616,3,4,4,326380,0,0,2,garbage
510106197208050757,模拟用户757,563,3,8,6,111889,0,0,3,
510106198510230758,模拟用户758,775,0,0,2,53281,0,0,3,
510106197308240759,模拟用户759,467,1,1,1,139344,0,0,3,
510106200302190760,模拟用户760,352,1,1,3,248399,0,0,2,
510106200012280761,模拟用户761,508,2,7,3,316842,0,0,3,
510106198801140762,模拟用户762,450,2,7,3,194188,0,0,2,
510106198806240763,模拟用户763,688,3,3,3,53365,0,0,1,
510106198110060764,模拟用户764,576,2,7,7,68247,0,0,4,
510106200004190765,模拟用户765,449,3,8,1,479351,0,0,3,
510106199907170766,模拟用户766,813,1,1,1,314944,1,1,4,
510106200202200767,模拟用户767,567,3,8,2,412610,0,0,2,
510106199711150768,模拟用户768,866,1,6,2,397057,0,0,1,garbage
510106198009280769,模拟用户769,437,1,1,5,377591,0,0,4,
510106200201060770,模拟用户770,729,3,4,2,264603,0,0,2,garbage
510106197304160771,模拟用户771,501,2,7,7,397892,0,0,2,
510106199606150772,模拟用户772,745,2,2,0,72828,0,0,2,
510106198312110773,模拟用户773,652,0,0,0,409579,1,1,1,
510106197810160774,模拟用户774,461,3,3,7,485777,0,1,4,
510106197409200775,模拟用户775,764,3,3,1,383040,0,0,1,
510106197902030776,模拟用户776,790,3,8,5,177171,0,0,3,
510106198211170777,模拟用户777,814,2,7,7,206238,0,0,4,
510106199906130778,模拟用户778,419,2,2,0,226884,0,0,4,
510106197501270779,模拟用户779,821,1,6,4,261757,0,0,2,
510106198810030780,模拟用户780,885,1,1,3,216461,0,0,1,
510106199503050781,模拟用户781,878,3,8,0,47842,0,0,1,
510106199805200782,模拟用户782,654,0,0,0,304751,1,1,2,
510106199010050783,模拟用户783,727,3,3,5,301251,0,0,2,
510106197510040784,模拟用户784,310,1,1,1,459482,0,0,3,garbage
510106200401240785,模拟用户785,475,0,0,0,137687,0,0,3,
510106197509220786,模拟用户786,312,1,1,5,301614,0,0,2,
510106200004240787,模拟用户787,646,2,7,5,482939,0,0,3,
510106199404210788,模拟用户788,849,3,4,6,335576,0,0,1,
510106199908120789,模拟用户789,419,3,4,4,231946,0,0,2,
510106199906280790,模拟用户790,368,3,4,2,312141,0,0,4,
510106197603230791,模拟用户791,648,1,1,1,16740,0,0,4,
510106199708100792,模拟用户792,853,3,3,3,259820,0,0,3,garbage
510106198506100793,模拟用户793,808,0,0,4,102466,0,0,1,
510106199406120794,模拟用户794,883,1,6,6,244413,0,0,1,
510106197804240795,模拟用户795,592,2,7,3,317952,0,0,1,
510106198902260796,模拟用户796,307,3,4,6,205338,0,0,4,garbage
510106199004180797,模拟用户797,518,3,3,1,318415,0,0,2,
510106200211070798,模拟用户798,602,1,1,3,370522,0,0,4,
510106197502240799,模拟用户799,369,0,5,3,141879,0,0,3,
510106198004240800,模拟用户800,774,3,4,0,327736,0,0,4,
510106198407210801,模拟用户801,866,3,8,7,173620,0,0,4,
510106199512240802,模拟用户802,324,2,7,7,104087,0,0,2,
510106198309050803,模拟用户803,405,2,2,6,24102,0,0,1,
510106199002050804,模拟用户804,342,3,3,1,67546,0,0,1,
510106197207260805,模拟用户805,802,2,2,6,73414,0,0,4,
510106199301190806,模拟用户806,512,2,2,2,386910,0,0,2,
510106199405120807,模拟用户807,815,1,6,6,467119,0,0,3,
510106200202210808,模拟用户808,732,3,8,6,46996,0,0,4,
510106197310250809,模拟用户809,319,2,7,7,183273,0,0,3,
510106197606230810,模拟用户810,657,0,5,5,384838,0,0,3,garbage
510106200201240811,模拟用户811,324,3,4,0,21050,0,0,4,
510106200312260812,模拟用户812,743,3,8,0,392248,0,0,4,
510106199101170813,模拟用户813,603,2,2,2,485301,0,0,4,garbage
510106200306140814,模拟用户814,312,3,8,5,45215,0,0,4,
510106197502010815,模拟用户815,467,2,2,6,419855,0,0,4,
510106197905050816,模拟用户816,320,1,6,6,272672,0,0,4,
510106197106160817,模拟用户817,431,1,6,4,466973,0,0,1,
510106197110020818,模拟用户818,883,2,2,0,439525,0,0,3,
510106198503070819,模拟用户819,637,0,0,4,416706,1,1,1,
510106199112240820,模拟用户820,666,3,3,1,160966,0,0,4,
510106197903190821,模拟用户821,880,1,1,1,418810,0,0,2,
510106200107210822,模拟用户822,893,2,7,1,290669,0,0,2,
510106198910040823,模拟用户823,876,0,5,7,131940,0,0,3,
510106199108080824,模拟用户824,508,3,8,4,320009,0,0,4,
510106199006200825,模拟用户825,858,1,1,7,276469,0,0,4,garbage
510106199711090826,模拟用户826,868,2,2,0,328761,0,0,3,
510106199710170827,模拟用户827,628,1,1,3,145711,0,0,3,
510106197109240828,模拟用户828,553,3,4,6,263358,0,0,2,
510106197208120829,模拟用户829,830,0,5,3,235994,0,0,2,
510106200210200830,模拟用户830,725,1,1,7,299140,0,0,4,
510106200406070831,模拟用户831,567,3,8,3,279275,0,0,4,
510106199209270832,模拟用户832,570,1,6,2,427530,0,0,4,
510106198805190833,模拟用户833,445,0,0,0,133858,0,0,3,
510106198008120834,模拟用户834,829,3,3,1,91707,0,0,2,
510106197908240835,模拟用户835,373,0,5,3,220421,0,0,3,
510106199709040836,模拟用户836,675,3,3,3,158795,0,0,1,
510106199008230837,模拟用户837,360,3,8,4,299854,0,0,2,
510106197808180838,模拟用户838,668,2,7,3,375579,0,0,2,
510106198906120839,模拟用户839,361,2,7,5,90744,0,0,2,
510106197107160840,模拟用户840,824,0,5,7,81311,0,0,2,
510106197203270841,模拟用户841,472,1,1,1,409663,1,1,3,
510106200212010842,模拟用户842,752,1,6,2,394956,0,0,3,
510106197705280843,模拟用户843,595,3,4,4,350891,0,0,3,
510106197306140844,模拟用户844,328,3,4,0,409508,0,0,2,
510106198809120845,模拟用户845,579,3,8,7,4841,0,0,3,
510106198007160846,模拟用户846,372,3,8,6,425466,0,0,1,
510106197007210847,模拟用户847,390,0,5,5,252508,0,0,3,
510106199002040848,模拟用户848,527,1,1,5,237230,0,0,2,
510106199706260849,模拟用户849,804,3,4,6,466956,0,0,4,
510106200011230850,模拟用户850,540,3,3,5,132290,0,0,3,
510106199605250851,模拟用户851,794,0,0,0,167284,0,0,3,garbage
510106197201040852,模拟用户852,537,1,6,6,430652,0,0,2,
510106199404020853,模拟用户853,477,3,8,5,37170,0,0,3,
510106199505030854,模拟用户854,677,2,2,0,50151,0,0,4,
510106199709200855,模拟用户855,302,1,6,4,167813,0,0,3,
510106197503280856,模拟用户856,686,0,5,1,77123,0,0,1,
510106198002150857,模拟用户857,633,3,4,0,463179,0,0,3,
510106197805240858,模拟用户858,495,0,5,3,298962,0,0,1,garbage
510106200306030859,模拟用户859,358,1,6,0,124555,0,0,3,
510106198112260860,模拟用户860,433,1,1,7,447398,0,0,3,
510106199012240861,模拟用户861,446,3,8,1,204071,0,0,3,
510106199501210862,模拟用户862,727,2,7,1,43923,0,0,1,
510106200404020863,模拟用户863,572,1,1,5,255315,0,0,4,
510106198710110864,模拟用户864,560,0,0,4,470336,0,0,2,
510106199206170865,模拟用户865,501,3,8,3,76422,0,0,3,
510106197412110866,模拟用户866,441,3,4,6,308959,0,0,3,
510106199911030867,模拟用户867,527,3,8,7,215933,0,0,1,
510106200204160868,模拟用户868,741,3,8,5,76815,0,0,3,
510106200302030869,模拟用户869,816,3,8,6,335732,0,0,4,
510106199707060870,模拟用户870,619,3,8,0,73401,0,0,4,
510106197804280871,模拟用户871,370,1,6,6,420505,0,0,3,
510106197008230872,模拟用户872,429,3,3,1,319094,0,0,1,
510106199203040873,模拟用户873,773,1,1,3,308260,0,0,1,
510106199406150874,模拟用户874,829,0,0,6,291749,0,0,3,
510106199003250875,模拟用户875,758,1,6,2,479389,0,0,3,garbage
510106198304120876,模拟用户876,891,1,1,7,384934,0,0,2,
510106198607090877,模拟用户877,583,2,2,2,495283,0,0,1,
510106200412130878,模拟用户878,761,3,4,0,149748,0,0,3,garbage
510106198402190879,模拟用户879,671,1,1,1,119574,0,0,3,
510106200206270880,模拟用户880,377,3,4,6,488720,0,0,4,
510106199607270881,模拟用户881,552,1,6,0,224090,0,0,3,
510106199602240882,模拟用户882,719,2,2,6,61600,0,0,3,
510106198304210883,模拟用户883,329,3,4,4,401487,0,0,1,
510106197703190884,模拟用户884,568,0,0,0,356686,0,0,2,
510106199911200885,模拟用户885,410,3,8,7,195630,0,0,4,
510106199408240886,模拟用户886,501,2,7,7,387368,0,0,1,
510106198310060887,模拟用户887,721,1,6,2,233076,0,0,2,
510106199206160888,模拟用户888,358,1,1,7,50406,0,0,2,
510106198803030889,模拟用户889,770,3,8,3,113431,0,0,3,
510106198809280890,模拟用户890,715,3,8,2,264610,0,0,2,
510106198907140891,模拟用户891,784,3,3,5,453814,0,0,2,
510106197811280892,模拟用户892,628,1,1,5,470098,1,1,3,
510106198804140893,模拟用户893,755,1,6,0,152842,0,0,2,
510106198609010894,模拟用户894,693,1,6,2,333447,0,0,3,
510106199411210895,模拟用户895,660,1,1,1,397530,0,0,3,
510106200409270896,模拟用户896,519,3,8,0,156228,0,0,4,garbage
510106198309040897,模拟用户897,407,1,6,2,137901,0,0,2,
510106197312080898,模拟用户898,338,3,8,4,429059,0,0,3,
510106197109140899,模拟用户899,575,3,4,6,339233,0,0,2,garbage
510106199109240900,模拟用户900,688,0,0,0,118523,0,0,3,
510106198501160901,模拟用户901,319,2,2,6,49966,0,0,2,
510106199912030902,模拟用户902,431,3,4,0,379318,0,0,3,
510106198002210903,模拟用户903,557,3,3,3,289176,0,0,3,
510106199005160904,模拟用户904,380,3,8,0,401266,0,0,4,garbage
510106198905030905,模拟用户905,479,0,5,1,486160,0,0,2,
510106200205090906,模拟用户906,627,2,7,1,444093,0,0,4,
510106197804030907,模拟用户907,878,0,5,3,377389,0,0,3,
510106198602240908,模拟用户908,540,3,8,6,146874,0,0,2,
510106200101080909,模拟用户909,662,0,0,2,443853,0,0,4,
510106199208120910,模拟用户910,483,3,8,4,499555,0,0,1,
510106198109190911,模拟用户911,739,2,2,4,63308,0,0,4,
510106199504220912,模拟用户912,838,1,1,7,476467,0,0,3,
510106199003060913,模拟用户913,351,3,8,4,327707,0,0,4,garbage
510106198909190914,模拟用户914,765,3,8,2,279087,0,0,1,
510106197307070915,模拟用户915,875,1,6,6,182296,0,0,1,
510106199712040916,模拟用户916,736,2,7,7,316793,0,0,2,
510106199112130917,模拟用户917,757,3,4,4,452742,0,0,3,
510106197206120918,模拟用户918,394,1,1,5,476684,0,0,4,
510106197108020919,模拟用户919,854,1,6,4,382452,0,0,3,
510106199607090920,模拟用户920,398,3,4,2,157234,0,0,1,
510106197008230921,模拟用户921,530,0,5,1,427443,0,0,4,
510106197506250922,模拟用户922,376,2,7,5,448636,0,0,2,
510106198701120923,模拟用户923,656,0,0,2,191239,0,0,1,
510106197510270924,模拟用户924,407,1,1,1,446164,0,0,3,
510106197703280925,模拟用户925,727,1,1,5,31351,0,0,4,
510106197009130926,模拟用户926,406,3,3,7,437509,0,1,1,
510106200408140927,模拟用户927,797,2,7,3,354548,0,0,1,
510106200404240928,模拟用户928,713,2,7,3,400074,0,0,1,
510106198206170929,模拟用户929,344,1,6,2,384325,0,0,1,
510106197711200930,模拟用户930,695,3,4,2,356137,0,0,1,
510106200210070931,模拟用户931,604,3,3,7,478720,0,0,2,garbage
510106199005170932,模拟用户932,708,1,1,1,361799,0,0,2,
510106197808050933,模拟用户933,714,1,1,7,292172,0,0,3,
510106198608210934,模拟用户934,327,0,5,3,42597,0,0,4,
510106198211140935,模拟用户935,616,2,7,1,140594,0,0,4,
510106198811130936,模拟用户936,859,0,5,1,186807,0,0,4,
510106197008120937,模拟用户937,322,3,3,1,307248,0,0,3,
510106198812080938,模拟用户938,715,2,2,0,361203,0,0,2,
510106197705130939,模拟用户939,410,3,8,4,369432,0,0,4,
510106198101130940,模拟用户940,613,2,2,2,360441,1,1,4,
510106199507280941,模拟用户941,586,2,2,0,352323,0,0,2,
510106197408250942,模拟用户942,836,3,8,5,214117,0,0,2,
510106199607130943,模拟用户943,419,3,3,3,437538,0,0,2,
510106199201150944,模拟用户944,761,2,7,5,404879,0,0,1,
510106198902180945,模拟用户945,570,1,6,6,338730,0,0,4,
510106197104010946,模拟用户946,821,3,3,3,46612,0,1,1,
510106198705190947,模拟用户947,304,2,2,0,71540,0,0,4,
510106199708200948,模拟用户948,468,3,3,7,467943,0,0,1,
510106200212260949,模拟用户949,803,3,3,5,482544,0,0,3,
510106198409070950,模拟用户950,339,3,8,3,144358,0,0,4,garbage
510106197109100951,模拟用户951,335,2,7,5,343193,0,0,2,
510106197103110952,模拟用户952,527,2,7,1,262120,0,0,3,
510106198210140953,模拟用户953,367,0,0,2,177836,0,0,2,
510106198703220954,模拟用户954,742,3,4,4,58282,0,0,2,
510106197809070955,模拟用户955,561,3,3,3,234631,0,0,4,
510106199703200956,模拟用户956,445,0,5,5,12210,0,0,2,
510106197511210957,模拟用户957,712,2,7,3,3052,0,0,1,
510106197106030958,模拟用户958,467,2,7,3,464310,0,0,4,
510106198508020959,模拟用户959,861,2,2,6,40274,0,0,1,
510106198609120960,模拟用户960,731,0,0,4,206994,1,1,3,
510106200411010961,模拟用户961,485,1,6,0,432331,0,0,2,
510106198410050962,模拟用户962,656,0,5,7,179022,0,0,4,
510106199001250963,模拟用户963,412,3,3,1,46901,0,0,4,
510106199208250964,模拟用户964,866,2,2,2,252990,0,0,1,
510106199705220965,模拟用户965,524,3,3,3,169911,0,0,1,garbage
510106198704030966,模拟用户966,326,3,4,4,87242,0,0,2,
510106197805060967,模拟用户967,337,3,4,0,21797,0,0,1,
510106199912120968,模拟用户968,444,3,3,1,429201,0,0,2,
510106200303030969,模拟用户969,684,2,7,3,406782,0,0,3,
510106199712150970,模拟用户970,671,1,1,7,52442,0,0,3,
510106199208110971,模拟用户971,522,2,2,2,183719,0,0,2,
510106200110270972,模拟用户972,692,2,2,0,346655,0,0,2,
510106200208070973,模拟用户973,611,2,2,2,444123,1,1,3,
510106200308280974,模拟用户974,819,3,8,2,13200,0,0,4,
510106197604050975,模拟用户975,679,0,5,3,455235,0,0,1,
510106197001150976,模拟用户976,742,2,2,2,151837,0,0,4,
510106198903100977,模拟用户977,797,3,4,0,5452,0,1,3,
510106198712030978,模拟用户978,712,3,8,6,247688,0,0,4,garbage
510106200011110979,模拟用户979,847,3,8,1,258392,0,0,2,
510106197408020980,模拟用户980,570,1,1,5,108304,0,0,4,
510106198106010981,模拟用户981,730,2,7,7,104132,0,0,1,
510106200004170982,模拟用户982,468,1,6,4,242730,0,0,4,garbage
510106197408240983,模拟用户983,327,3,8,3,8981,0,0,2,
510106197211130984,模拟用户984,466,3,8,1,283374,0,0,3,
510106197310270985,模拟用户985,533,3,4,6,198012,0,0,2,
510106199610190986,模拟用户986,838,3,8,2,394927,0,0,2,
510106197511150987,模拟用户987,884,1,1,3,16220,0,0,4,
510106199910050988,模拟用户988,383,1,1,3,125223,0,0,3,
510106200407060989,模拟用户989,764,2,2,6,452669,0,0,4,
510106197302280990,模拟用户990,646,0,0,4,107252,0,0,3,
510106197801130991,模拟用户991,335,1,1,7,427776,0,0,2,
510106198606040992,模拟用户992,665,3,3,5,328624,0,0,3,garbage
510106197405090993,模拟用户993,477,3,8,4,100919,0,0,3,
510106198202130994,模拟用户994,492,1,6,2,3145,0,0,1,
510106199105270995,模拟用户995,588,3,8,6,73352,0,0,3,
510106199203030996,模拟用户996,863,0,0,4,456356,0,0,4,
510106200303260997,模拟用户997,403,3,4,0,342315,0,0,1,
510106199012210998,模拟用户998,341,3,3,1,390812,0,0,1,
510106198007040999,模拟用户999,572,3,3,3,99252,0,0,1,
